title,latitude,longitude,txt,link,index_number,region
West Point Branch, 22.286825,114.143352,"<p>242-244 Queenâs Road West, Sai Ying Pun, Hong Kong</p> <p class=""icon_phone"">Tel: (852)218 95588</p> <p class=""icon_fax"">Fax: (852)2559 8442 </p> <p>Office Hours<br />Monday to Thursday 9:00 - 17:00<br /> Friday 9:00 - 17:30<br /> Saturday 9:00 - 13:00 </p> <span class=""feature-wrapper""> <img src=""/SiteCollectionDocuments/ICBC/Resources/ICBC/haiwai/Asia/photo/2014/ico_atm.jpg"" /><img src=""//v.icbc.com.cn/userfiles/Resources/ICBC/haiwai/Asia/photo/2015/ico_rmb.jpg"" /><img src=""/SiteCollectionDocuments/ICBC/Resources/ICBC/haiwai/Asia/photo/2014/ico_store.jpg"" /><img src=""/SiteCollectionDocuments/ICBC/Resources/ICBC/haiwai/Asia/photo/2014/ico_24hour.jpg"" /></span>", null,95,Hong Kong
West Point Personal Banking Centre, 22.287103,114.137374,"<p>Shop 2, G/F, 345 - 345A Des Voeux Road West, Hong Kong</p> <p class=""icon_phone"">Tel: (852)218 95588</p> <p class=""icon_fax"">Fax: (852)2547 9728 </p> <p>Office Hours<br />Monday to Thursday 9:00 - 17:00<br /> Friday 9:00 - 17:30<br /> </p> <span class=""feature-wrapper""> <img src=""/SiteCollectionDocuments/ICBC/Resources/ICBC/haiwai/Asia/photo/2014/ico_atm.jpg"" /><img src=""//v.icbc.com.cn/userfiles/Resources/ICBC/haiwai/Asia/photo/2015/ico_rmb.jpg"" /><img src=""/SiteCollectionDocuments/ICBC/Resources/ICBC/haiwai/Asia/photo/2014/ico_store.jpg"" /><img src=""/SiteCollectionDocuments/ICBC/Resources/ICBC/haiwai/Asia/photo/2014/ico_24hour.jpg"" /></span>", null,155,Hong Kong
Sheung Wan Branch, 22.287243,114.15067,"<p>Shop F, G/F, Kai Tak Commercial Building, <br/>317-319 Des Voeux Road Central, Sheung Wan, Hong Kong</p> <p class=""icon_phone"">Tel: (852)218 95588</p> <p class=""icon_fax"">Fax: (852)2545 7458 </p> <p>Office Hours<br />Monday to Thursday 9:00 - 17:00<br /> Friday 9:00 - 17:30<br /> Saturday 9:00 - 13:00 </p> <span class=""feature-wrapper""> <img src=""/SiteCollectionDocuments/ICBC/Resources/ICBC/haiwai/Asia/photo/2014/ico_atm.jpg"" /><img src=""//v.icbc.com.cn/userfiles/Resources/ICBC/haiwai/Asia/photo/2015/ico_rmb.jpg"" /><img src=""/SiteCollectionDocuments/ICBC/Resources/ICBC/haiwai/Asia/photo/2014/ico_store.jpg"" /><img src=""/SiteCollectionDocuments/ICBC/Resources/ICBC/haiwai/Asia/photo/2014/ico_24hour.jpg"" /><img onfocus=""undefined"" src=""//v.icbc.com.cn/userfiles/Resources/ICBC/haiwai/Asia/photo/2019/ico_cardless.jpg"" onfocus=""undefined"" /> </span>", null,96,Hong Kong
Queenâs Road Central Branch, 22.2837970, 114.1544910,"<p>Basement, Ground Floor and First Floor of 122 QRC, Nos. 122-126 Queenâs Road Central, Hong Kong</p> <p class=""icon_phone"">Tel: (852)218 95588</p> <p class=""icon_fax"">Fax: (852)2805 1187 </p> <p>Office Hours<br />Monday to Thursday 9:00 - 17:00<br /> Friday 9:00 - 17:30<br /> Saturday 9:00 - 13:00 </p> <span class=""feature-wrapper""> <img src=""/SiteCollectionDocuments/ICBC/Resources/ICBC/haiwai/Asia/photo/2014/ico_atm.jpg"" /><img src=""//v.icbc.com.cn/userfiles/Resources/ICBC/haiwai/Asia/photo/2015/ico_rmb.jpg"" /><img src=""/SiteCollectionDocuments/ICBC/Resources/ICBC/haiwai/Asia/photo/2014/ico_store.jpg"" /><img onfocus=""undefined"" src=""//v.icbc.com.cn/userfiles/Resources/ICBC/haiwai/Asia/photo/2017/rmb_store.jpg"" onfocus=""undefined"" /><img src=""/SiteCollectionDocuments/ICBC/Resources/ICBC/haiwai/Asia/photo/2014/ico_24hour.jpg"" /> </span>", null,158,Hong Kong
Central Branch, 22.280188,114.15832,"<p>1/F., 9 Queenâs Road Central, Hong Kong </p> <p class=""icon_phone"">Tel: (852)218 95588</p> <p class=""icon_fax"">Fax: (852)2525 3848 </p> <p>Office Hours<br />Monday to Thursday 9:00 - 17:00<br /> Friday 9:00 - 17:30<br /> Saturday 9:00 - 13:00 </p> <span class=""feature-wrapper""> <img src=""/SiteCollectionDocuments/ICBC/Resources/ICBC/haiwai/Asia/photo/2014/ico_atm.jpg"" /><img src=""//v.icbc.com.cn/userfiles/Resources/ICBC/haiwai/Asia/photo/2015/ico_rmb.jpg"" /><img src=""/SiteCollectionDocuments/ICBC/Resources/ICBC/haiwai/Asia/photo/2014/ico_store.jpg"" /><img onfocus=""undefined"" src=""//v.icbc.com.cn/userfiles/Resources/ICBC/haiwai/Asia/photo/2017/rmb_store.jpg"" onfocus=""undefined"" /><img onfocus=""undefined"" src=""//v.icbc.com.cn/userfiles/Resources/ICBC/haiwai/Asia/photo/2019/ico_cardless.jpg"" onfocus=""undefined"" /></span>", null,98,Hong Kong
Admiralty Personal Banking Centre, 22.278546,114.165208,"<p>Shop 1019-1020, 1/F, United Centre, <br/>95 Queensway, Admiralty, Hong Kong</p> <span class=""feature-wrapper""><img src=""/SiteCollectionDocuments/ICBC/Resources/ICBC/haiwai/Asia/photo/2014/ico_atm.jpg"" /><img src=""//v.icbc.com.cn/userfiles/Resources/ICBC/haiwai/Asia/photo/2015/ico_rmb.jpg"" /><img src=""/SiteCollectionDocuments/ICBC/Resources/ICBC/haiwai/Asia/photo/2014/ico_store.jpg"" /><img src=""//v.icbc.com.cn/userfiles/Resources/ICBC/haiwai/Asia/photo/2017/rmb_store.jpg""><img src=""/SiteCollectionDocuments/ICBC/Resources/ICBC/haiwai/Asia/photo/2014/ico_24hour.jpg"" /></span>", null,99,Hong Kong
Caine Road Branch, 22.279912,114.15362,"<p>G/F., Caine Building, 22 Caine Road, Hong Kong</p> <p class=""icon_phone"">Tel: (852)218 95588</p> <p class=""icon_fax"">Fax: (852)2526 8478 </p> <p>Office Hours<br />Monday to Thursday 9:00 - 17:00<br /> Friday 9:00 - 17:30<br /> Saturday 9:00 - 13:00 </p> <span class=""feature-wrapper""><img src=""/SiteCollectionDocuments/ICBC/Resources/ICBC/haiwai/Asia/photo/2014/ico_atm.jpg"" /><img src=""//v.icbc.com.cn/userfiles/Resources/ICBC/haiwai/Asia/photo/2015/ico_rmb.jpg"" /><img src=""/SiteCollectionDocuments/ICBC/Resources/ICBC/haiwai/Asia/photo/2014/ico_store.jpg"" /><img src=""/SiteCollectionDocuments/ICBC/Resources/ICBC/haiwai/Asia/photo/2014/ico_24hour.jpg"" /></span>", null,101,Hong Kong
Wanchai Branch, 22.277772,114.172477,"<p>117-123 Hennessy Road, Wanchai, Hong Kong</p> <p class=""icon_phone"">Tel: (852)218 95588</p> <p class=""icon_fax"">Fax: (852)2865 0251 </p> <p>Office Hours<br />Monday to Thursday 9:00 - 17:00<br /> Friday 9:00 - 17:30<br /> Saturday 9:00 - 13:00 </p> <span class=""feature-wrapper""><img src=""/SiteCollectionDocuments/ICBC/Resources/ICBC/haiwai/Asia/photo/2014/ico_atm.jpg"" /><img src=""//v.icbc.com.cn/userfiles/Resources/ICBC/haiwai/Asia/photo/2015/ico_rmb.jpg"" /><img src=""/SiteCollectionDocuments/ICBC/Resources/ICBC/haiwai/Asia/photo/2014/ico_store.jpg"" /><img src=""/SiteCollectionDocuments/ICBC/Resources/ICBC/haiwai/Asia/photo/2014/ico_24hour.jpg"" /><img onfocus=""undefined"" src=""//v.icbc.com.cn/userfiles/Resources/ICBC/haiwai/Asia/photo/2017/rmb_store.jpg"" onfocus=""undefined"" /></span>", null,102,Hong Kong
Wanchai Road Branch, 22.276592,114.176099,"<p>G/F Times Media Centre, No.133 Wan Chai Road, Hong Kong</p> <p class=""icon_phone"">Tel: (852)218 95588</p> <p class=""icon_fax"">Fax: (852)2838 1817 </p> <p>Office Hours<br />Monday to Thursday 9:00 - 17:00<br /> Friday 9:00 - 17:30<br /> Saturday 9:00 - 13:00 </p> <span class=""feature-wrapper""> <img src=""/SiteCollectionDocuments/ICBC/Resources/ICBC/haiwai/Asia/photo/2014/ico_atm.jpg"" /><img src=""//v.icbc.com.cn/userfiles/Resources/ICBC/haiwai/Asia/photo/2015/ico_rmb.jpg"" /><img src=""/SiteCollectionDocuments/ICBC/Resources/ICBC/haiwai/Asia/photo/2014/ico_store.jpg"" /><img src=""/SiteCollectionDocuments/ICBC/Resources/ICBC/haiwai/Asia/photo/2014/ico_24hour.jpg"" /><img onfocus=""undefined"" src=""//v.icbc.com.cn/userfiles/Resources/ICBC/haiwai/Asia/photo/2017/rmb_store.jpg"" onfocus=""undefined"" /><img onfocus=""undefined"" src=""//v.icbc.com.cn/userfiles/Resources/ICBC/haiwai/Asia/photo/2019/ico_cardless.jpg"" onfocus=""undefined"" /></span>", null,103,Hong Kong
Happy Valley Branch, 22.268784,114.184747,"<p>23 King Kwong Street, Happy Valley, Hong Kong</p> <p class=""icon_phone"">Tel: (852)218 95588</p> <p class=""icon_fax"">Fax: (852)2834 3075 </p> <p>Office Hours<br />Monday to Thursday 9:00 - 17:00<br /> Friday 9:00 - 17:30<br /> Saturday 9:00 - 13:00 </p> <span class=""feature-wrapper""> <img src=""/SiteCollectionDocuments/ICBC/Resources/ICBC/haiwai/Asia/photo/2014/ico_atm.jpg"" /><img src=""//v.icbc.com.cn/userfiles/Resources/ICBC/haiwai/Asia/photo/2015/ico_rmb.jpg"" /><img src=""/SiteCollectionDocuments/ICBC/Resources/ICBC/haiwai/Asia/photo/2014/ico_store.jpg"" /><img src=""/SiteCollectionDocuments/ICBC/Resources/ICBC/haiwai/Asia/photo/2014/ico_24hour.jpg"" /></span>", null,104,Hong Kong
Aberdeen Branch, 22.249236,114.154172,"<p>Shop 7A, G/F, Site 1, Aberdeen Centre, Hong Kong</p> <p class=""icon_phone"">Tel: (852)218 95588</p> <p class=""icon_fax"">Fax: (852)2518 7007 </p> <p>Office Hours<br />Monday to Thursday 9:00 - 17:00<br /> Friday 9:00 - 17:30<br /> Saturday 9:00 - 13:00 </p> <span class=""feature-wrapper""> <img src=""/SiteCollectionDocuments/ICBC/Resources/ICBC/haiwai/Asia/photo/2014/ico_atm.jpg"" /><img src=""//v.icbc.com.cn/userfiles/Resources/ICBC/haiwai/Asia/photo/2015/ico_rmb.jpg"" /><img src=""/SiteCollectionDocuments/ICBC/Resources/ICBC/haiwai/Asia/photo/2014/ico_store.jpg"" /><img src=""/SiteCollectionDocuments/ICBC/Resources/ICBC/haiwai/Asia/photo/2014/ico_24hour.jpg"" /> </span>", null,105,Hong Kong
Causeway Bay Branch, 22.279781,114.183019,"<p>Shop A on G/F, 1/F, Hennessy Apartments, 488 & 490 Hennessy Road, Hong Kong</p> <p class=""icon_phone"">Tel: (852)218 95588</p> <p class=""icon_fax"">Fax: (852)2808 1331 </p> <p>Office Hours<br />Monday to Thursday 9:00 - 17:00<br /> Friday 9:00 - 17:30<br /> Saturday 9:00 - 13:00 </p> <span class=""feature-wrapper""> <img src=""/SiteCollectionDocuments/ICBC/Resources/ICBC/haiwai/Asia/photo/2014/ico_atm.jpg"" /><img src=""//v.icbc.com.cn/userfiles/Resources/ICBC/haiwai/Asia/photo/2015/ico_rmb.jpg"" /><img src=""/SiteCollectionDocuments/ICBC/Resources/ICBC/haiwai/Asia/photo/2014/ico_store.jpg"" /><img src=""/SiteCollectionDocuments/ICBC/Resources/ICBC/haiwai/Asia/photo/2014/ico_24hour.jpg"" /><img onfocus=""undefined"" src=""//v.icbc.com.cn/userfiles/Resources/ICBC/haiwai/Asia/photo/2017/rmb_store.jpg"" onfocus=""undefined"" /><img onfocus=""undefined"" src=""//v.icbc.com.cn/userfiles/Resources/ICBC/haiwai/Asia/photo/2019/ico_cardless.jpg"" onfocus=""undefined"" /></span>", null,114,Hong Kong
Hysan Plcae ATM, 22.2798079,114.1837883,"<p>3/F , Hysan Place, 500 Hennessy Road, Causeway Bay, Hong Kong</p> <span class=""feature-wrapper""> <img src=""/SiteCollectionDocuments/ICBC/Resources/ICBC/haiwai/Asia/photo/2014/ico_atm.jpg"" /><img src=""//v.icbc.com.cn/userfiles/Resources/ICBC/haiwai/Asia/photo/2015/ico_rmb.jpg"" /></span>", null,120,Hong Kong
Electric Road Branch, 22.285481,114.191613,"<p>113-115 Electric Road, Hong Kong</p> <p class=""icon_phone"">Tel: (852)218 95588</p> <p class=""icon_fax"">Fax: (852)2807 1697 </p> <p>Office Hours<br />Monday to Thursday 9:00 - 17:00<br /> Friday 9:00 - 17:30<br /> Saturday 9:00 - 13:00 </p> <span class=""feature-wrapper""> <img src=""/SiteCollectionDocuments/ICBC/Resources/ICBC/haiwai/Asia/photo/2014/ico_atm.jpg"" /><img src=""//v.icbc.com.cn/userfiles/Resources/ICBC/haiwai/Asia/photo/2015/ico_rmb.jpg"" /><img src=""/SiteCollectionDocuments/ICBC/Resources/ICBC/haiwai/Asia/photo/2014/ico_store.jpg"" /><img src=""/SiteCollectionDocuments/ICBC/Resources/ICBC/haiwai/Asia/photo/2014/ico_24hour.jpg"" /> </span>", null,106,Hong Kong
Fortress Hill Branch, 22.288835,114.194677,"<p>Shop A-C, G/F, Kwong Chiu Terrace, 272-276 Kingâs Road, Hong Kong</p> <p class=""icon_phone"">Tel: (852)218 95588</p> <p class=""icon_fax"">Fax: (852)2887 7094 </p> <p>Office Hours<br />Monday to Thursday 9:00 - 17:00<br /> Friday 9:00 - 17:30<br /> Saturday 9:00 - 13:00 </p> <span class=""feature-wrapper""> <img src=""/SiteCollectionDocuments/ICBC/Resources/ICBC/haiwai/Asia/photo/2014/ico_atm.jpg"" /><img src=""//v.icbc.com.cn/userfiles/Resources/ICBC/haiwai/Asia/photo/2015/ico_rmb.jpg"" /><img src=""/SiteCollectionDocuments/ICBC/Resources/ICBC/haiwai/Asia/photo/2014/ico_store.jpg"" /><img src=""/SiteCollectionDocuments/ICBC/Resources/ICBC/haiwai/Asia/photo/2014/ico_24hour.jpg"" /> </span>", null,107,Hong Kong
City Garden Personal Banking Centre, 22.29072,114.193113,"<p>Shop Unit 23, G/F, Maximall, City Garden,<br/>233 Electric Road, North Point, Hong Kong</p> <p class=""icon_phone"">Tel: (852)218 95588</p> <p class=""icon_fax"">Fax: (852)2570 7366 </p> <p>Office Hours<br />Monday to Thursday 9:00 - 17:00<br /> Friday 9:00 - 17:30<br /> Saturday 9:00 - 13:00 </p> <span class=""feature-wrapper""> <img src=""/SiteCollectionDocuments/ICBC/Resources/ICBC/haiwai/Asia/photo/2014/ico_atm.jpg"" /><img src=""//v.icbc.com.cn/userfiles/Resources/ICBC/haiwai/Asia/photo/2015/ico_rmb.jpg"" /><img src=""/SiteCollectionDocuments/ICBC/Resources/ICBC/haiwai/Asia/photo/2014/ico_store.jpg"" /><img src=""/SiteCollectionDocuments/ICBC/Resources/ICBC/haiwai/Asia/photo/2014/ico_24hour.jpg"" /> </span>", null,108,Hong Kong
North Point Branch, 22.290941,114.199784,"<p>G/F, 436-438 Kingâs Road, North Point, Hong Kong (Renovation in progress, the current site temporarily closed)</p> <p class=""icon_phone"">Tel: (852)218 95588</p> <p class=""icon_fax"">Fax: (852)2510 9902 </p> <p>Office Hours<br />Monday to Thursday 9:00 - 17:00<br /> Friday 9:00 - 17:30<br /> Saturday 9:00 - 13:00 </p> <span class=""feature-wrapper""> <img src=""/SiteCollectionDocuments/ICBC/Resources/ICBC/haiwai/Asia/photo/2014/ico_atm.jpg"" /><img src=""//v.icbc.com.cn/userfiles/Resources/ICBC/haiwai/Asia/photo/2015/ico_rmb.jpg"" /><img src=""/SiteCollectionDocuments/ICBC/Resources/ICBC/haiwai/Asia/photo/2014/ico_store.jpg"" /><img src=""/SiteCollectionDocuments/ICBC/Resources/ICBC/haiwai/Asia/photo/2014/ico_24hour.jpg"" /><img onfocus=""undefined"" src=""//v.icbc.com.cn/userfiles/Resources/ICBC/haiwai/Asia/photo/2019/ico_cardless.jpg"" onfocus=""undefined"" /> </span>", null,109,Hong Kong
Quarry Bay Branch, 22.285672,114.212753,"<p>Shop SLG1, Sub-Lower Ground Floor, Westlands Gardens,<br/>Nos. 2-12, Westlands Road, Quarry Bay, Hong Kong</p> <p class=""icon_phone"">Tel: (852)218 95588</p> <p class=""icon_fax"">Fax: (852)2565 5541 </p> <p>Office Hours<br />Monday to Thursday 9:00 - 17:00<br /> Friday 9:00 - 17:30<br /> Saturday 9:00 - 13:00 </p> <span class=""feature-wrapper""> <img src=""/SiteCollectionDocuments/ICBC/Resources/ICBC/haiwai/Asia/photo/2014/ico_atm.jpg"" /><img src=""//v.icbc.com.cn/userfiles/Resources/ICBC/haiwai/Asia/photo/2015/ico_rmb.jpg"" /><img src=""/SiteCollectionDocuments/ICBC/Resources/ICBC/haiwai/Asia/photo/2014/ico_24hour.jpg"" /> </span>", null,110,Hong Kong
Sai Wan Ho Branch, 22.282874,114.2221,"<p>Shop G10 G/F, Tai On Building, 57-87 Shau Kei Wan Road, Hong Kong</p> <p class=""icon_phone"">Tel: (852)218 95588</p> <p class=""icon_fax"">Fax: (852)2569 6142 </p> <p>Office Hours<br />Monday to Thursday 9:00 - 17:00<br /> Friday 9:00 - 17:30<br /> Saturday 9:00 - 13:00 </p> <span class=""feature-wrapper""> <img src=""/SiteCollectionDocuments/ICBC/Resources/ICBC/haiwai/Asia/photo/2014/ico_atm.jpg"" /><img src=""//v.icbc.com.cn/userfiles/Resources/ICBC/haiwai/Asia/photo/2015/ico_rmb.jpg"" /><img src=""/SiteCollectionDocuments/ICBC/Resources/ICBC/haiwai/Asia/photo/2014/ico_store.jpg"" /><img src=""/SiteCollectionDocuments/ICBC/Resources/ICBC/haiwai/Asia/photo/2014/ico_24hour.jpg"" /><img onfocus=""undefined"" src=""//v.icbc.com.cn/userfiles/Resources/ICBC/haiwai/Asia/photo/2017/rmb_store.jpg"" onfocus=""undefined"" /></span>", null,111,Hong Kong
New Jade shopping arcade ATM, 22.282874,114.2221,"<p>3/Fï¼New Jade shopping arcade, No.233 Chai Wan Road, Chai Wan, Hong Kong</p><span class=""feature-wrapper""> <img src=""/SiteCollectionDocuments/ICBC/Resources/ICBC/haiwai/Asia/photo/2014/ico_atm.jpg"" /><img src=""//v.icbc.com.cn/userfiles/Resources/ICBC/haiwai/Asia/photo/2015/ico_rmb.jpg"" /></span>", null,168,Hong Kong
Shau Kei Wan Personal Banking Centre, 22.2806,114.224561,"<p>195 Shau Kei Wan Road, Hong Kong</p> <p class=""icon_phone"">Tel: (852)218 95588</p> <p class=""icon_fax"">Fax: (852)2940 3008 </p> <p>Office Hours<br />Monday to Thursday 9:00 - 17:00<br /> Friday 9:00 - 17:30<br /> </p> <span class=""feature-wrapper""> <img src=""/SiteCollectionDocuments/ICBC/Resources/ICBC/haiwai/Asia/photo/2014/ico_atm.jpg"" /><img src=""//v.icbc.com.cn/userfiles/Resources/ICBC/haiwai/Asia/photo/2015/ico_rmb.jpg"" /><img src=""/SiteCollectionDocuments/ICBC/Resources/ICBC/haiwai/Asia/photo/2014/ico_store.jpg"" /><img src=""/SiteCollectionDocuments/ICBC/Resources/ICBC/haiwai/Asia/photo/2014/ico_24hour.jpg"" /></span>", null,112,Hong Kong
Siu Sai Wan Branch, 22.266025,114.248948,"<p>Shop Nos 17-19,Ground Floor, Harmony Garden,<br/>No.9 Siu Sai Wan Road, Hong Kong</p> <p class=""icon_phone"">Tel: (852)218 95588</p> <p class=""icon_fax"">Fax: (852)2898 3077 </p> <p>Office Hours<br />Monday to Thursday 9:00 - 17:00<br /> Friday 9:00 - 17:30<br /> Saturday 9:00 - 13:00 </p> <span class=""feature-wrapper""> <img src=""/SiteCollectionDocuments/ICBC/Resources/ICBC/haiwai/Asia/photo/2014/ico_atm.jpg"" /><img src=""//v.icbc.com.cn/userfiles/Resources/ICBC/haiwai/Asia/photo/2015/ico_rmb.jpg"" /><img src=""/SiteCollectionDocuments/ICBC/Resources/ICBC/haiwai/Asia/photo/2014/ico_store.jpg"" /><img src=""/SiteCollectionDocuments/ICBC/Resources/ICBC/haiwai/Asia/photo/2014/ico_24hour.jpg"" /></span>", null,113,Hong Kong
MTR Central Station Self Service Banking Centre, 22.28161,114.157076,"<p>Shop CEN ABC 2, Exit J, MTR Central Station(Unpaid Concourse)</p> <span class=""feature-wrapper""> <img src=""/SiteCollectionDocuments/ICBC/Resources/ICBC/haiwai/Asia/photo/2014/ico_atm.jpg"" /><img src=""//v.icbc.com.cn/userfiles/Resources/ICBC/haiwai/Asia/photo/2015/ico_rmb.jpg"" /><img src=""/SiteCollectionDocuments/ICBC/Resources/ICBC/haiwai/Asia/photo/2014/ico_store.jpg"" /><img onfocus=""undefined"" src=""//v.icbc.com.cn/userfiles/Resources/ICBC/haiwai/Asia/photo/2019/ico_cardless.jpg"" onfocus=""undefined"" /></span>", null,0,Hong Kong
ICBC Tower ATM, 22.278304,114.160791,"<p>Lobby, ICBC Tower, 3 Garden Road, Central, Hong Kong</p> <span class=""feature-wrapper""> <img src=""/SiteCollectionDocuments/ICBC/Resources/ICBC/haiwai/Asia/photo/2014/ico_atm.jpg"" /><img src=""//v.icbc.com.cn/userfiles/Resources/ICBC/haiwai/Asia/photo/2015/ico_rmb.jpg"" /><img src=""/SiteCollectionDocuments/ICBC/Resources/ICBC/haiwai/Asia/photo/2014/ico_store.jpg"" /><img onfocus=""undefined"" src=""//v.icbc.com.cn/userfiles/Resources/ICBC/haiwai/Asia/photo/2019/ico_cardless.jpg"" onfocus=""undefined"" /></span>", null,80,Hong Kong
St. Paul Hospital (Block B) ATM, 22.278027, 114.188477,"<p>St. Paul Hospital, G/F., Block B, St. Paulâs Hospital, 2 Eastern Hospital Road, Causeway Bay, Hong Kong</p><span class=""feature-wrapper""> <img src=""/SiteCollectionDocuments/ICBC/Resources/ICBC/haiwai/Asia/photo/2014/ico_atm.jpg"" /><img src=""//v.icbc.com.cn/userfiles/Resources/ICBC/haiwai/Asia/photo/2015/ico_rmb.jpg"" /><img src=""/SiteCollectionDocuments/ICBC/Resources/ICBC/haiwai/Asia/photo/2014/ico_24hour.jpg"" /></span>", null,162,Hong Kong
MTR Tai Koo Station ATM, 22.284649,114.216359,"<p>Shop TAK ATM 2, Exit A, MTR Tai Koo Station(Unpaid Concourse)</p><span class=""feature-wrapper""> <img src=""/SiteCollectionDocuments/ICBC/Resources/ICBC/haiwai/Asia/photo/2014/ico_atm.jpg"" /><img src=""//v.icbc.com.cn/userfiles/Resources/ICBC/haiwai/Asia/photo/2015/ico_rmb.jpg"" /></span>", null,4,Hong Kong
Canossa Hospital ATM, 22.277741,114.15368,"<p>G/F,Canossa Hospital , 1 Old Peak Road, Hong Kong</p><span class=""feature-wrapper""> <img src=""/SiteCollectionDocuments/ICBC/Resources/ICBC/haiwai/Asia/photo/2014/ico_atm.jpg"" /><img src=""//v.icbc.com.cn/userfiles/Resources/ICBC/haiwai/Asia/photo/2015/ico_rmb.jpg"" /><img src=""/SiteCollectionDocuments/ICBC/Resources/ICBC/haiwai/Asia/photo/2014/ico_24hour.jpg"" /></span>", null,5,Hong Kong
Central Star Ferry Pier ATM, 22.287193,114.161241,"<p>ATM 1B, Upper Deck, Central Pier 7, Star Ferry</p> <span class=""feature-wrapper""> <img src=""/SiteCollectionDocuments/ICBC/Resources/ICBC/haiwai/Asia/photo/2014/ico_atm.jpg"" /><img src=""//v.icbc.com.cn/userfiles/Resources/ICBC/haiwai/Asia/photo/2015/ico_rmb.jpg"" /></span>", null,7,Hong Kong
The Peak ATM, 22.271246,114.150031,"<p>Level P2, The Peak Tower, 128 Peak Road, Hong Kong</p> <span class=""feature-wrapper""> <img src=""/SiteCollectionDocuments/ICBC/Resources/ICBC/haiwai/Asia/photo/2014/ico_atm.jpg"" /><img src=""//v.icbc.com.cn/userfiles/Resources/ICBC/haiwai/Asia/photo/2015/ico_rmb.jpg"" /></span>", null,8,Hong Kong
Hennessy Apartments ATM, 22.279776,114.182931,"<p>2/F, Hennessy Apartments, 488 & 490 Hennessy Road, Causeway Bay</p> <span class=""feature-wrapper""> <img src=""/SiteCollectionDocuments/ICBC/Resources/ICBC/haiwai/Asia/photo/2014/ico_atm.jpg"" /><img src=""//v.icbc.com.cn/userfiles/Resources/ICBC/haiwai/Asia/photo/2015/ico_rmb.jpg"" /><img onfocus=""undefined"" src=""//v.icbc.com.cn/userfiles/Resources/ICBC/haiwai/Asia/photo/2019/ico_cardless.jpg"" onfocus=""undefined"" /></span>", null,75,Hong Kong
MTR HKU Station ATM, 22.285659,114.135347,"<p>Shop HKU ATM 2, Exit B, MTR HKU Station(Unpaid Concourse)</p> <span class=""feature-wrapper""> <img src=""/SiteCollectionDocuments/ICBC/Resources/ICBC/haiwai/Asia/photo/2014/ico_atm.jpg"" /><img src=""//v.icbc.com.cn/userfiles/Resources/ICBC/haiwai/Asia/photo/2015/ico_rmb.jpg"" /><img onfocus=""undefined"" src=""//v.icbc.com.cn/userfiles/Resources/ICBC/haiwai/Asia/photo/2019/ico_cardless.jpg"" onfocus=""undefined"" /></span>", null,76,Hong Kong
Aberdeen Centre Shopping Arcade ATM, 22.248182,114.153372,"<p>G/F, Aberdeen Centre Shopping Arcade Site 2,7-11 Nam Ning Street,Aberdeen, Hong Kong</p> <span class=""feature-wrapper""> <img src=""/SiteCollectionDocuments/ICBC/Resources/ICBC/haiwai/Asia/photo/2014/ico_atm.jpg"" /><img src=""//v.icbc.com.cn/userfiles/Resources/ICBC/haiwai/Asia/photo/2015/ico_rmb.jpg"" /></span>", null,94,Hong Kong
Elements ATM, 22.304928, 114.161519,"<p>1/F,Elements ,1 Austin Road West,Tsim Sha Tsui </p><span class=""feature-wrapper""> <img src=""/SiteCollectionDocuments/ICBC/Resources/ICBC/haiwai/Asia/photo/2014/ico_atm.jpg"" /><img src=""//v.icbc.com.cn/userfiles/Resources/ICBC/haiwai/Asia/photo/2015/ico_rmb.jpg"" /><img src=""/SiteCollectionDocuments/ICBC/Resources/ICBC/haiwai/Asia/photo/2014/ico_24hour.jpg"" /> </span>", null,168,Kowloon
Hollywood plaza ATM, 22.3169525,114.1688027,"<p>G/F, Hollywood plaza, 610 Nathan Road, Mongkok, Kowloon</p><span class=""feature-wrapper""> <img src=""/SiteCollectionDocuments/ICBC/Resources/ICBC/haiwai/Asia/photo/2014/ico_atm.jpg"" /><img src=""//v.icbc.com.cn/userfiles/Resources/ICBC/haiwai/Asia/photo/2015/ico_rmb.jpg"" /></span>", null,165,Kowloon
Tsimshatsui East Branch, 22.298351,114.175379,"<p>Shop B, G/F, Railway Plaza,<br/>39 Chatham Road South, Tsimshatsui, Kowloon</p> <p class=""icon_phone"">Tel: (852)218 95588</p> <p class=""icon_fax"">Fax: (852)2311 2810 </p> <p>Office Hours<br />Monday to Thursday 9:00 - 17:00<br /> Friday 9:00 - 17:30<br /> Saturday 9:00 - 13:00 </p> <span class=""feature-wrapper""> <img src=""/SiteCollectionDocuments/ICBC/Resources/ICBC/haiwai/Asia/photo/2014/ico_atm.jpg"" /><img src=""//v.icbc.com.cn/userfiles/Resources/ICBC/haiwai/Asia/photo/2015/ico_rmb.jpg"" /><img src=""/SiteCollectionDocuments/ICBC/Resources/ICBC/haiwai/Asia/photo/2014/ico_store.jpg"" /><img src=""/SiteCollectionDocuments/ICBC/Resources/ICBC/haiwai/Asia/photo/2014/ico_24hour.jpg"" /><img onfocus=""undefined"" src=""//v.icbc.com.cn/userfiles/Resources/ICBC/haiwai/Asia/photo/2019/ico_cardless.jpg"" onfocus=""undefined"" /> </span>", null,115,Kowloon
Tsim Sha Tsui Branch, 22.297404,114.170842,"<p>Shop 1&2, G/F, No. 35-37 Hankow Road, Tsimshatsui, Kowloon</p> <p class=""icon_phone"">Tel: (852)218 95588</p> <p class=""icon_fax"">Fax: (852)2724 4846 </p> <p>Office Hours<br />Monday to Thursday 9:00 - 17:00<br /> Friday 9:00 - 17:30<br /> Saturday 9:00 - 13:00 </p> <span class=""feature-wrapper""> <img src=""/SiteCollectionDocuments/ICBC/Resources/ICBC/haiwai/Asia/photo/2014/ico_atm.jpg"" /><img src=""//v.icbc.com.cn/userfiles/Resources/ICBC/haiwai/Asia/photo/2015/ico_rmb.jpg"" /><img src=""/SiteCollectionDocuments/ICBC/Resources/ICBC/haiwai/Asia/photo/2014/ico_24hour.jpg"" /><img src=""/SiteCollectionDocuments/ICBC/Resources/ICBC/haiwai/Asia/photo/2014/ico_store.jpg"" /><img onfocus=""undefined"" src=""//v.icbc.com.cn/userfiles/Resources/ICBC/haiwai/Asia/photo/2017/rmb_store.jpg"" onfocus=""undefined"" /><img onfocus=""undefined"" src=""//v.icbc.com.cn/userfiles/Resources/ICBC/haiwai/Asia/photo/2019/ico_cardless.jpg"" onfocus=""undefined"" /></span>", null,116,Kowloon
Jordan Branch, 22.30491,114.171385,"<p>1/F, JD Mall, No. 233 Nathan Road, Jordan, Kowloon</p> <p class=""icon_phone"">Tel: (852)218 95588</p> <p class=""icon_fax"">Fax: (852)2375 6935 </p> <p>Office Hours<br />Monday to Thursday 9:00 - 17:00<br /> Friday 9:00 - 17:30<br /> Saturday 9:00 - 13:00 </p> <span class=""feature-wrapper""> <img src=""/SiteCollectionDocuments/ICBC/Resources/ICBC/haiwai/Asia/photo/2014/ico_atm.jpg"" /><img src=""//v.icbc.com.cn/userfiles/Resources/ICBC/haiwai/Asia/photo/2015/ico_rmb.jpg"" /><img src=""/SiteCollectionDocuments/ICBC/Resources/ICBC/haiwai/Asia/photo/2014/ico_store.jpg"" /> </span>", null,117,Kowloon
Yaumatei Branch, 22.313798,114.170637,"<p>542 Nathan Road, Yaumatei, Kowloon</p> <p class=""icon_phone"">Tel: (852)218 95588</p> <p class=""icon_fax"">Fax: (852)2770 9837 </p> <p>Office Hours<br />Monday to Thursday 9:00 - 17:00<br /> Friday 9:00 - 17:30<br /> Saturday 9:00 - 13:00 </p> <span class=""feature-wrapper""> <img src=""/SiteCollectionDocuments/ICBC/Resources/ICBC/haiwai/Asia/photo/2014/ico_atm.jpg"" /><img src=""//v.icbc.com.cn/userfiles/Resources/ICBC/haiwai/Asia/photo/2015/ico_rmb.jpg"" /><img src=""/SiteCollectionDocuments/ICBC/Resources/ICBC/haiwai/Asia/photo/2014/ico_24hour.jpg"" /><img src=""/SiteCollectionDocuments/ICBC/Resources/ICBC/haiwai/Asia/photo/2014/ico_store.jpg"" /><img onfocus=""undefined"" src=""//v.icbc.com.cn/userfiles/Resources/ICBC/haiwai/Asia/photo/2017/rmb_store.jpg"" onfocus=""undefined"" /><img onfocus=""undefined"" src=""//v.icbc.com.cn/userfiles/Resources/ICBC/haiwai/Asia/photo/2019/ico_cardless.jpg"" onfocus=""undefined"" /></span>", null,118,Kowloon
Mongkok Branch, 22.321118,114.168735,"<p>G/F, Belgian Bank Building,<br/>721-725 Nathan Road, Mongkok, Kowloon</p> <p class=""icon_phone"">Tel: (852)218 95588</p> <p class=""icon_fax"">Fax: (852)2390 9073 </p> <p>Office Hours<br />Monday to Thursday 9:00 - 17:00<br /> Friday 9:00 - 17:30<br /> Saturday 9:00 - 13:00 </p> <span class=""feature-wrapper""> <img src=""/SiteCollectionDocuments/ICBC/Resources/ICBC/haiwai/Asia/photo/2014/ico_atm.jpg"" /><img src=""/SiteCollectionDocuments/ICBC/Resources/ICBC/haiwai/Asia/photo/2014/ico_24hour.jpg"" /><img src=""/SiteCollectionDocuments/ICBC/Resources/ICBC/haiwai/Asia/photo/2014/ico_store.jpg"" /><img src=""//v.icbc.com.cn/userfiles/Resources/ICBC/haiwai/Asia/photo/2015/ico_rmb.jpg"" /><img onfocus=""undefined"" src=""//v.icbc.com.cn/userfiles/Resources/ICBC/haiwai/Asia/photo/2019/ico_cardless.jpg"" onfocus=""undefined"" /></span>", null,119,Kowloon
Shamshuipo Branch, 22.327922,114.161503,"<p>G/F, 290 Lai Chi Kok Road, Shamshuipo, Kowloon</p> <p class=""icon_phone"">Tel: (852)218 95588</p> <p class=""icon_fax"">Fax: (852)2387 5533 </p> <p>Office Hours<br />Monday to Thursday 9:00 - 17:00<br /> Friday 9:00 - 17:30<br /> Saturday 9:00 - 13:00 </p> <span class=""feature-wrapper""> <img src=""/SiteCollectionDocuments/ICBC/Resources/ICBC/haiwai/Asia/photo/2014/ico_atm.jpg"" /><img src=""//v.icbc.com.cn/userfiles/Resources/ICBC/haiwai/Asia/photo/2015/ico_rmb.jpg"" /><img src=""/SiteCollectionDocuments/ICBC/Resources/ICBC/haiwai/Asia/photo/2014/ico_store.jpg"" /><img src=""/SiteCollectionDocuments/ICBC/Resources/ICBC/haiwai/Asia/photo/2014/ico_24hour.jpg"" /><img onfocus=""undefined"" src=""//v.icbc.com.cn/userfiles/Resources/ICBC/haiwai/Asia/photo/2019/ico_cardless.jpg"" onfocus=""undefined"" /></span>", null,121,Kowloon
Lai Chi Kok Branch, 22.337135,114.148673,"<p>Shop G06, G/F, Cheung Sha Wan Plaza,<br/>833 Cheung Sha Wan Road, Lai Chi Kok, Kowloon</p> <p class=""icon_phone"">Tel: (852)218 95588</p> <p class=""icon_fax"">Fax: (852)2785 5566 </p> <p>Office Hours<br />Monday to Thursday 9:00 - 17:00<br /> Friday 9:00 - 17:30<br /> Saturday 9:00 - 13:00 </p> <span class=""feature-wrapper""> <img src=""/SiteCollectionDocuments/ICBC/Resources/ICBC/haiwai/Asia/photo/2014/ico_atm.jpg"" /><img src=""//v.icbc.com.cn/userfiles/Resources/ICBC/haiwai/Asia/photo/2015/ico_rmb.jpg"" /><img src=""/SiteCollectionDocuments/ICBC/Resources/ICBC/haiwai/Asia/photo/2014/ico_store.jpg"" /><img src=""/SiteCollectionDocuments/ICBC/Resources/ICBC/haiwai/Asia/photo/2014/ico_24hour.jpg"" /></span>", null,122,Kowloon
Mei Foo Branch, 22.337559,114.139373,"<p>Shop N95A, 1/F, Mount Sterling Mall, Mei Foo Sun Chuen, Kowloon</p> <p class=""icon_phone"">Tel: (852)218 95588</p> <p class=""icon_fax"">Fax: (852)2307 1811</p> <p>Office Hours<br />Monday to Thursday 9:00 - 17:00<br /> Friday 9:00 - 17:30<br /> Saturday 9:00 - 13:00 </p> <span class=""feature-wrapper""> <img src=""/SiteCollectionDocuments/ICBC/Resources/ICBC/haiwai/Asia/photo/2014/ico_atm.jpg"" /><img src=""//v.icbc.com.cn/userfiles/Resources/ICBC/haiwai/Asia/photo/2015/ico_rmb.jpg"" /><img src=""/SiteCollectionDocuments/ICBC/Resources/ICBC/haiwai/Asia/photo/2014/ico_store.jpg"" /><img src=""/SiteCollectionDocuments/ICBC/Resources/ICBC/haiwai/Asia/photo/2014/ico_24hour.jpg"" /></span>", null,123,Kowloon
Ho Man Tin Branch, 22.317258,114.174915,"<p>G/F, Tsan Yung Mansion, No. 70 Waterloo Road,<br/>Ho Man Tin, Kowloon</p> <p class=""icon_phone"">Tel: (852)218 95588</p> <p class=""icon_fax"">Fax: (852)2769 7083 </p> <p>Office Hours<br />Monday to Thursday 9:00 - 17:00<br /> Friday 9:00 - 17:30<br /> Saturday 9:00 - 13:00 </p> <span class=""feature-wrapper""> <img src=""/SiteCollectionDocuments/ICBC/Resources/ICBC/haiwai/Asia/photo/2014/ico_atm.jpg"" /><img src=""//v.icbc.com.cn/userfiles/Resources/ICBC/haiwai/Asia/photo/2015/ico_rmb.jpg"" /><img src=""/SiteCollectionDocuments/ICBC/Resources/ICBC/haiwai/Asia/photo/2014/ico_store.jpg"" /><img src=""/SiteCollectionDocuments/ICBC/Resources/ICBC/haiwai/Asia/photo/2014/ico_24hour.jpg"" /> </span>", null,124,Kowloon
Oi Man Branch, 22.312094,114.178538,"<p>Shop F18 & F19, Oi Man Plaza, Oi Man Estate, Homantin, Kowloon</p> <p class=""icon_phone"">Tel: (852)218 95588</p> <p class=""icon_fax"">Fax: (852)2760 4309 </p> <p>Office Hours<br />Monday to Thursday 9:00 - 17:00<br /> Friday 9:00 - 17:30<br /> Saturday 9:00 - 13:00 </p> <span class=""feature-wrapper""> <img src=""/SiteCollectionDocuments/ICBC/Resources/ICBC/haiwai/Asia/photo/2014/ico_atm.jpg"" /><img src=""//v.icbc.com.cn/userfiles/Resources/ICBC/haiwai/Asia/photo/2015/ico_rmb.jpg"" /><img src=""/SiteCollectionDocuments/ICBC/Resources/ICBC/haiwai/Asia/photo/2014/ico_store.jpg"" /></span>", null,125,Kowloon
Hung Hom Branch, 22.305948,114.187363,"<p>Shop 2A, G/F, Hung Hom Shopping Mall,<br/>2-34E Tak Man Street, Hung Hom, Kowloon</p> <p class=""icon_phone"">Tel: (852)218 95588</p> <p class=""icon_fax"">Fax: (852)2365 2182</p> <p>Office Hours<br />Monday to Thursday 9:00 - 17:00<br /> Friday 9:00 - 17:30<br /> Saturday 9:00 - 13:00 </p> <span class=""feature-wrapper""> <img src=""/SiteCollectionDocuments/ICBC/Resources/ICBC/haiwai/Asia/photo/2014/ico_atm.jpg"" /><img src=""//v.icbc.com.cn/userfiles/Resources/ICBC/haiwai/Asia/photo/2015/ico_rmb.jpg"" /><img src=""/SiteCollectionDocuments/ICBC/Resources/ICBC/haiwai/Asia/photo/2014/ico_24hour.jpg"" /><img onfocus=""undefined"" src=""/SiteCollectionDocuments/ICBC/Resources/ICBC/haiwai/Asia/photo/2014/ico_store.jpg"" onfocus=""undefined"" /><img onfocus=""undefined"" src=""//v.icbc.com.cn/userfiles/Resources/ICBC/haiwai/Asia/photo/2017/rmb_store.jpg"" onfocus=""undefined"" /></span>", null,126,Kowloon
Mok Cheong Street Branch, 22.323171,114.189422,"<p>12-14 Mok Cheong Street, Tokwawan, Kowloon</p> <p class=""icon_phone"">Tel: (852)218 95588</p> <p class=""icon_fax"">Fax: (852)2761 0935</p> <p>Office Hours<br />Monday to Thursday 9:00 - 17:00<br /> Friday 9:00 - 17:30<br /> Saturday 9:00 - 13:00 </p> <span class=""feature-wrapper""> <img src=""/SiteCollectionDocuments/ICBC/Resources/ICBC/haiwai/Asia/photo/2014/ico_atm.jpg"" /><img src=""//v.icbc.com.cn/userfiles/Resources/ICBC/haiwai/Asia/photo/2015/ico_rmb.jpg"" /><img src=""/SiteCollectionDocuments/ICBC/Resources/ICBC/haiwai/Asia/photo/2014/ico_store.jpg"" /><img src=""/SiteCollectionDocuments/ICBC/Resources/ICBC/haiwai/Asia/photo/2014/ico_24hour.jpg"" /><img onfocus=""undefined"" src=""//v.icbc.com.cn/userfiles/Resources/ICBC/haiwai/Asia/photo/2019/ico_cardless.jpg"" onfocus=""undefined"" /> </span>", null,127,Kowloon
Jubilant Plaza ATM, 22.321777,114.189322,"<p>G/F, Jubilant Plaza, 33 Ma Tau Kok Road, Tokwawan, Kowloon</p> <span class=""feature-wrapper""> <img src=""/SiteCollectionDocuments/ICBC/Resources/ICBC/haiwai/Asia/photo/2014/ico_atm.jpg"" /><img src=""//v.icbc.com.cn/userfiles/Resources/ICBC/haiwai/Asia/photo/2015/ico_rmb.jpg"" /></span>", null,156,Kowloon
San Po Kong Branch, 22.333886,114.19593,"<p>Shop G10, Yue Xiu Plaza,<br/>3-23 Ning Yuen Street, San Po Kong, Kowloon</p> <p class=""icon_phone"">Tel: (852)218 95588</p> <p class=""icon_fax"">Fax: (852)2726 2317</p> <p>Office Hours<br />Monday to Thursday 9:00 - 17:00<br /> Friday 9:00 - 17:30<br /> Saturday 9:00 - 13:00 </p> <span class=""feature-wrapper""> <img src=""/SiteCollectionDocuments/ICBC/Resources/ICBC/haiwai/Asia/photo/2014/ico_atm.jpg"" /><img src=""//v.icbc.com.cn/userfiles/Resources/ICBC/haiwai/Asia/photo/2015/ico_rmb.jpg"" /><img src=""/SiteCollectionDocuments/ICBC/Resources/ICBC/haiwai/Asia/photo/2014/ico_store.jpg"" /><img src=""/SiteCollectionDocuments/ICBC/Resources/ICBC/haiwai/Asia/photo/2014/ico_24hour.jpg"" /> </span>", null,128,Kowloon
Wong Tai Sin Branch, 22.34147,114.194421,"<p>Shop 128, Level One, Temple Mall South, 103 Ching Tak street, Wong Tai Sin, Kowloon</p> <p class=""icon_phone"">Tel: (852)218 95588</p> <p class=""icon_fax"">Fax: (852)2267 7782</p> <p>Office Hours<br />Monday to Thursday 9:00 - 17:00<br /> Friday 9:00 - 17:30<br /> Saturday 9:00 - 13:00 </p> <span class=""feature-wrapper""> <img src=""/SiteCollectionDocuments/ICBC/Resources/ICBC/haiwai/Asia/photo/2014/ico_atm.jpg"" /><img src=""//v.icbc.com.cn/userfiles/Resources/ICBC/haiwai/Asia/photo/2015/ico_rmb.jpg"" /><img onfocus=""undefined"" src=""//v.icbc.com.cn/userfiles/Resources/ICBC/haiwai/Asia/photo/2019/ico_cardless.jpg"" onfocus=""undefined"" /> </span>", null,129,Kowloon
Telford Branch, 22.32314,114.213738,"<p>Shop Units P19-P20, Telford Plaza, Kowloon Bay, Kowloon</p> <p class=""icon_phone"">Tel: (852)218 95588</p> <p class=""icon_fax"">Fax: (852)2797 8984</p> <p>Office Hours<br />Monday to Thursday 9:00 - 17:00<br /> Friday 9:00 - 17:30<br /> Saturday 9:00 - 13:00 </p> <span class=""feature-wrapper""> <img src=""/SiteCollectionDocuments/ICBC/Resources/ICBC/haiwai/Asia/photo/2014/ico_atm.jpg"" /><img src=""//v.icbc.com.cn/userfiles/Resources/ICBC/haiwai/Asia/photo/2015/ico_rmb.jpg"" /><img onfocus=""undefined"" src=""/SiteCollectionDocuments/ICBC/Resources/ICBC/haiwai/Asia/photo/2014/ico_store.jpg"" onfocus=""undefined"" /><img onfocus=""undefined"" src=""//v.icbc.com.cn/userfiles/Resources/ICBC/haiwai/Asia/photo/2017/rmb_store.jpg"" onfocus=""undefined"" /><img src=""/SiteCollectionDocuments/ICBC/Resources/ICBC/haiwai/Asia/photo/2014/ico_24hour.jpg"" /><img onfocus=""undefined"" src=""//v.icbc.com.cn/userfiles/Resources/ICBC/haiwai/Asia/photo/2019/ico_cardless.jpg"" onfocus=""undefined"" /></span>", null,130,Kowloon
Kwun Tong Branch, 22.311744,114.225583,"<p>Shop 5 & 6, 1/F, Crocodile Center,<br/>79 Hoi Yuen Road, Kwun Tong, Kowloon</p> <p class=""icon_phone"">Tel: (852)218 95588</p> <p class=""icon_fax"">Fax: (852)2357 5825</p> <p>Office Hours<br />Monday to Thursday 9:00 - 17:00<br /> Friday 9:00 - 17:30<br /> Saturday 9:00 - 13:00 </p> <span class=""feature-wrapper""> <img src=""/SiteCollectionDocuments/ICBC/Resources/ICBC/haiwai/Asia/photo/2014/ico_atm.jpg"" /><img src=""//v.icbc.com.cn/userfiles/Resources/ICBC/haiwai/Asia/photo/2015/ico_rmb.jpg"" /><img src=""/SiteCollectionDocuments/ICBC/Resources/ICBC/haiwai/Asia/photo/2014/ico_store.jpg"" /><img src=""/SiteCollectionDocuments/ICBC/Resources/ICBC/haiwai/Asia/photo/2014/ico_24hour.jpg"" /><img onfocus=""undefined"" src=""//v.icbc.com.cn/userfiles/Resources/ICBC/haiwai/Asia/photo/2019/ico_cardless.jpg"" onfocus=""undefined"" /> </span>", null,133,Kowloon
MTR Kowloon Station ATM, 22.304344, 114.161480,"<p>Shop KOW ATM 24, Exit A, B, MTR Kowloon Station</p> <span class=""feature-wrapper""><img src=""/SiteCollectionDocuments/ICBC/Resources/ICBC/haiwai/Asia/photo/2014/ico_atm.jpg"" /><img src=""//v.icbc.com.cn/userfiles/Resources/ICBC/haiwai/Asia/photo/2015/ico_rmb.jpg"" /></span>", null,169,Kowloon
Langham Place ATM, 22.318488, 114.168603,"<p>L1-K012 on Level 1, Langham Place, 8 Argyle Street, Mongkok, Kowloon </p> <span class=""feature-wrapper""> <img src=""/SiteCollectionDocuments/ICBC/Resources/ICBC/haiwai/Asia/photo/2014/ico_atm.jpg"" /><img src=""//v.icbc.com.cn/userfiles/Resources/ICBC/haiwai/Asia/photo/2015/ico_rmb.jpg"" /></span>", null,166,Kowloon
MTR Mongkok Station ATM, 22.319253,114.169355,"<p>Shop MOK ATM 6, Exit B, MTR Mongkok Station(Unpaid Concourse)</p> <span class=""feature-wrapper""> <img src=""/SiteCollectionDocuments/ICBC/Resources/ICBC/haiwai/Asia/photo/2014/ico_atm.jpg"" /><img src=""//v.icbc.com.cn/userfiles/Resources/ICBC/haiwai/Asia/photo/2015/ico_rmb.jpg"" /></span>", null,9,Kowloon
Prince Edward Branch ATM, 22.3256126,114.1679246,"<p>777 Nathan Road, Mongkok, Kowloon</p> <span class=""feature-wrapper""> <img src=""/SiteCollectionDocuments/ICBC/Resources/ICBC/haiwai/Asia/photo/2014/ico_atm.jpg"" /><img src=""//v.icbc.com.cn/userfiles/Resources/ICBC/haiwai/Asia/photo/2015/ico_rmb.jpg"" /><img src=""/SiteCollectionDocuments/ICBC/Resources/ICBC/haiwai/Asia/photo/2014/ico_24hour.jpg"" /><img onfocus=""undefined"" src=""http://www.icbcasia.com/SiteCollectionDocuments/ICBC/Resources/ICBC/haiwai/Asia/photo/2014/ico_store.jpg"" onfocus=""undefined"" /></span>", null,161,Kowloon
St. Teresa Hospital ATM, 22.326681,114.184721,"<p>St. Teresa Hospital, No.327, Prince Edward Road, Mongkok</p> <span class=""feature-wrapper""> <img src=""/SiteCollectionDocuments/ICBC/Resources/ICBC/haiwai/Asia/photo/2014/ico_atm.jpg"" /><img src=""//v.icbc.com.cn/userfiles/Resources/ICBC/haiwai/Asia/photo/2015/ico_rmb.jpg"" /><img src=""/SiteCollectionDocuments/ICBC/Resources/ICBC/haiwai/Asia/photo/2014/ico_24hour.jpg"" /> </span>", null,11,Kowloon
Fortune Estate Sopping Center ATM, 22.335255,114.154564,"<p>1/F., Fortune Estate Shopping Center, Cheung Sha Wan</p> <span class=""feature-wrapper""> <img src=""/SiteCollectionDocuments/ICBC/Resources/ICBC/haiwai/Asia/photo/2014/ico_atm.jpg"" /><img src=""//v.icbc.com.cn/userfiles/Resources/ICBC/haiwai/Asia/photo/2015/ico_rmb.jpg"" /></span>", null,14,Kowloon
Hung To Center ATM, 22.313054,114.219754,"<p>ATM Area, Hung To Center, 94 -96 How Ming Street, Kwun Tong, Kowloon</p> <span class=""feature-wrapper""> <img src=""/SiteCollectionDocuments/ICBC/Resources/ICBC/haiwai/Asia/photo/2014/ico_atm.jpg"" /><img src=""//v.icbc.com.cn/userfiles/Resources/ICBC/haiwai/Asia/photo/2015/ico_rmb.jpg"" /><img src=""/SiteCollectionDocuments/ICBC/Resources/ICBC/haiwai/Asia/photo/2014/ico_24hour.jpg"" /> </span>", null,15,Kowloon
Domain Mall ATM, 22.2962466,114.238591,"<p> 1/F, 38, Ko Chiu Road, Yau Tong</p> <span class=""feature-wrapper""> <img src=""/SiteCollectionDocuments/ICBC/Resources/ICBC/haiwai/Asia/photo/2014/ico_atm.jpg"" /><img src=""//v.icbc.com.cn/userfiles/Resources/ICBC/haiwai/Asia/photo/2015/ico_rmb.jpg"" /><img onfocus=""undefined"" src=""//v.icbc.com.cn/userfiles/Resources/ICBC/haiwai/Asia/photo/2019/ico_cardless.jpg"" onfocus=""undefined"" /></span>", null,157,Kowloon
Yau Lai Estate ATM, 22.302949,114.236516,"<p>G/F, Next to the main entrance of Tsui Lai House in Phase 4, Yau Lai Estate</p> <span class=""feature-wrapper""> <img src=""/SiteCollectionDocuments/ICBC/Resources/ICBC/haiwai/Asia/photo/2014/ico_atm.jpg"" /><img src=""//v.icbc.com.cn/userfiles/Resources/ICBC/haiwai/Asia/photo/2015/ico_rmb.jpg"" /><img src=""/SiteCollectionDocuments/ICBC/Resources/ICBC/haiwai/Asia/photo/2014/ico_24hour.jpg"" /> </span>", null,44,Kowloon
Celestial Place ATM, 22.318601,114.185395,"<p>ATM Area, 1/F, Celestial Place, Celestial Heights, No. 80 Sheung Shing Road</p> <span class=""feature-wrapper""> <img src=""/SiteCollectionDocuments/ICBC/Resources/ICBC/haiwai/Asia/photo/2014/ico_atm.jpg"" /><img src=""//v.icbc.com.cn/userfiles/Resources/ICBC/haiwai/Asia/photo/2015/ico_rmb.jpg"" /><img src=""/SiteCollectionDocuments/ICBC/Resources/ICBC/haiwai/Asia/photo/2014/ico_24hour.jpg"" /> </span>", null,16,Kowloon
Precious Blood Hospital (Caritas) ATM, 22.334122,114.1617,"<p>G/F, Precious Blood Hospital (Caritas),113 Castle Peak Road, Shumshuipo</p> <span class=""feature-wrapper""> <img src=""/SiteCollectionDocuments/ICBC/Resources/ICBC/haiwai/Asia/photo/2014/ico_atm.jpg"" /><img src=""//v.icbc.com.cn/userfiles/Resources/ICBC/haiwai/Asia/photo/2015/ico_rmb.jpg"" /><img src=""/SiteCollectionDocuments/ICBC/Resources/ICBC/haiwai/Asia/photo/2014/ico_24hour.jpg"" /> </span>", null,17,Kowloon
Choi Tak Shopping Center ATM, 22.329762,114.213449,"<p>ATM Area, 5/F, Choi Tak Shopping Center, Ngau Tai Kok</p> <span class=""feature-wrapper""> <img src=""/SiteCollectionDocuments/ICBC/Resources/ICBC/haiwai/Asia/photo/2014/ico_atm.jpg"" /><img src=""//v.icbc.com.cn/userfiles/Resources/ICBC/haiwai/Asia/photo/2015/ico_rmb.jpg"" /></span>", null,18,Kowloon
MIKIKI ATM, 22.333455,114.19669,"<p>1/F of Mikiki, No.638, Prince Edward Road East, San Po Kong</p> <span class=""feature-wrapper""> <img src=""/SiteCollectionDocuments/ICBC/Resources/ICBC/haiwai/Asia/photo/2014/ico_atm.jpg"" /><img src=""//v.icbc.com.cn/userfiles/Resources/ICBC/haiwai/Asia/photo/2015/ico_rmb.jpg"" /></span>", null,20,Kowloon
K11 ATM, 22.297457,114.173642,"<p>B2/F, K11, 18 Hanoi Road, Tsim Sha Tsui</p> <span class=""feature-wrapper""> <img src=""/SiteCollectionDocuments/ICBC/Resources/ICBC/haiwai/Asia/photo/2014/ico_atm.jpg"" /><img src=""//v.icbc.com.cn/userfiles/Resources/ICBC/haiwai/Asia/photo/2015/ico_rmb.jpg"" /></span>", null,22,Kowloon
Shek Kip Mei Commercial Complex ATM, 22.332094,114.166338,"<p>Nam Cheong Street Entrance,Shek Kip Mei Shopping Center, Shek Kip Mei</p> <span class=""feature-wrapper""> <img src=""/SiteCollectionDocuments/ICBC/Resources/ICBC/haiwai/Asia/photo/2014/ico_atm.jpg"" /><img src=""//v.icbc.com.cn/userfiles/Resources/ICBC/haiwai/Asia/photo/2015/ico_rmb.jpg"" /></span>", null,23,Kowloon
Tak Tin Plaza ATM, 22.310339,114.237943,"<p>ATM No. 5, 1/F, Tak Tin Plaza, 223 Pik Wan Road, Lam Tin, Kwun Tong</p> <span class=""feature-wrapper""> <img src=""/SiteCollectionDocuments/ICBC/Resources/ICBC/haiwai/Asia/photo/2014/ico_atm.jpg"" /><img src=""//v.icbc.com.cn/userfiles/Resources/ICBC/haiwai/Asia/photo/2015/ico_rmb.jpg"" /><img onfocus=""undefined"" src=""//v.icbc.com.cn/userfiles/Resources/ICBC/haiwai/Asia/photo/2019/ico_cardless.jpg"" onfocus=""undefined"" /></span>", null,24,Kowloon
MTR Cheung Sha Wan Station ATM, 22.335389,114.157004,"<p>Shop CSW ATM 2, Exit B, MTR Cheung Sha Wan Station(Unpaid Concourse)</p> <span class=""feature-wrapper""> <img src=""/SiteCollectionDocuments/ICBC/Resources/ICBC/haiwai/Asia/photo/2014/ico_atm.jpg"" /><img src=""//v.icbc.com.cn/userfiles/Resources/ICBC/haiwai/Asia/photo/2015/ico_rmb.jpg"" /></span>", null,26,Kowloon
Un Chau Shopping Centre ATM, 22.337729,114.156138,"<p>G/F., Un Chau Shopping Center, 303 Un Chau Street, Cheung Sha Wan</p> <span class=""feature-wrapper""> <img src=""/SiteCollectionDocuments/ICBC/Resources/ICBC/haiwai/Asia/photo/2014/ico_atm.jpg"" /><img src=""//v.icbc.com.cn/userfiles/Resources/ICBC/haiwai/Asia/photo/2015/ico_rmb.jpg"" /></span>", null,83,Kowloon
Kowloon City Plaza ATM, 22.331051,114.188463,"<p>Kiosk K05, LG/F, Kowloon City Plaza, 128 Carpenter Road, Kowloon City, Kowloon</p> <span class=""feature-wrapper""> <img src=""/SiteCollectionDocuments/ICBC/Resources/ICBC/haiwai/Asia/photo/2014/ico_atm.jpg"" /><img src=""//v.icbc.com.cn/userfiles/Resources/ICBC/haiwai/Asia/photo/2015/ico_rmb.jpg"" /></span>", null,27,Kowloon
Lower Ngau Tau Kok Estate ATM, 22.321823,114.215648,"<p>Open Space, G/F., Kwai Hin House, Lower Ngau Tau Kok Estate, Ngau Tau Kok</p> <span class=""feature-wrapper""> <img src=""/SiteCollectionDocuments/ICBC/Resources/ICBC/haiwai/Asia/photo/2014/ico_atm.jpg"" /><img src=""//v.icbc.com.cn/userfiles/Resources/ICBC/haiwai/Asia/photo/2015/ico_rmb.jpg"" /><img src=""/SiteCollectionDocuments/ICBC/Resources/ICBC/haiwai/Asia/photo/2014/ico_24hour.jpg"" /><img onfocus=""undefined"" src=""//v.icbc.com.cn/userfiles/Resources/ICBC/haiwai/Asia/photo/2019/ico_cardless.jpg"" onfocus=""undefined"" /></span>", null,28,Kowloon
Dragon Centre ATM, 22.331018,114.15982,"<p>Unit No. K01 on 1/F., Dragon Centre, No.37K Yen Chow Street, Shamshuipo</p> <span class=""feature-wrapper""> <img src=""/SiteCollectionDocuments/ICBC/Resources/ICBC/haiwai/Asia/photo/2014/ico_atm.jpg"" /><img src=""//v.icbc.com.cn/userfiles/Resources/ICBC/haiwai/Asia/photo/2015/ico_rmb.jpg"" /><img src=""/SiteCollectionDocuments/ICBC/Resources/ICBC/haiwai/Asia/photo/2014/ico_store.jpg"" /><img onfocus=""undefined"" src=""//v.icbc.com.cn/userfiles/Resources/ICBC/haiwai/Asia/photo/2019/ico_cardless.jpg"" onfocus=""undefined"" /></span>", null,29,Kowloon
Tsz Wan Shan Shopping Centre ATM, 22.34815,114.200528,"<p>3/F, Tsz Wan Shan Shopping Centre, Tsz Wan Shan</p> <span class=""feature-wrapper""> <img src=""/SiteCollectionDocuments/ICBC/Resources/ICBC/haiwai/Asia/photo/2014/ico_atm.jpg"" /><img src=""//v.icbc.com.cn/userfiles/Resources/ICBC/haiwai/Asia/photo/2015/ico_rmb.jpg"" /><img src=""/SiteCollectionDocuments/ICBC/Resources/ICBC/haiwai/Asia/photo/2014/ico_24hour.jpg"" /> </span>", null,30,Kowloon
Fung Tak Shopping Centre ATM, 22.343866,114.199948,"<p>2/F, Fung Tak Shopping Centre, Diamond Hill</p> <span class=""feature-wrapper""> <img src=""/SiteCollectionDocuments/ICBC/Resources/ICBC/haiwai/Asia/photo/2014/ico_atm.jpg"" /><img src=""//v.icbc.com.cn/userfiles/Resources/ICBC/haiwai/Asia/photo/2015/ico_rmb.jpg"" /><img src=""/SiteCollectionDocuments/ICBC/Resources/ICBC/haiwai/Asia/photo/2014/ico_24hour.jpg"" /><img onfocus=""undefined"" src=""//v.icbc.com.cn/userfiles/Resources/ICBC/haiwai/Asia/photo/2019/ico_cardless.jpg"" onfocus=""undefined"" /> </span>", null,31,Kowloon
Kai Tak Garden Shopping Arcade ATM, 22.338082,114.194119,"<p>G/F., Kai Tak Garden Shopping Arcade, Wong Tai Sin</p> <span class=""feature-wrapper""> <img src=""/SiteCollectionDocuments/ICBC/Resources/ICBC/haiwai/Asia/photo/2014/ico_atm.jpg"" /><img src=""//v.icbc.com.cn/userfiles/Resources/ICBC/haiwai/Asia/photo/2015/ico_rmb.jpg"" /></span>", null,77,Kowloon
Enterprise Square ATM, 22.321828,114.208077,"<p>1/F, Enterprise Square,9 Sheung Yuet Road, Kowloon Bay, Kowloon</p> <span class=""feature-wrapper""> <img src=""/SiteCollectionDocuments/ICBC/Resources/ICBC/haiwai/Asia/photo/2014/ico_atm.jpg"" /><img src=""//v.icbc.com.cn/userfiles/Resources/ICBC/haiwai/Asia/photo/2015/ico_rmb.jpg"" /></span>", null,92,Kowloon
TY Wider ATM, 22.311176, 114.222898,"<p>G/F, TY Wider, 58 Tsun Yip Street, Kwun Tong, Kowloon</p> <span class=""feature-wrapper""> <img src=""/SiteCollectionDocuments/ICBC/Resources/ICBC/haiwai/Asia/photo/2014/ico_atm.jpg"" /><img src=""//v.icbc.com.cn/userfiles/Resources/ICBC/haiwai/Asia/photo/2015/ico_rmb.jpg"" /><img src=""/SiteCollectionDocuments/ICBC/Resources/ICBC/haiwai/Asia/photo/2014/ico_24hour.jpg"" /> </span>", null,167,Kowloon
Tseung Kwan O Branch, 22.323195,114.258186,"<p>Shop 1025A, Level 1, Metro City Phase II, 8 Yan King Road, Tseung Kwan O, New Territories</p><p class=""icon_phone"">Tel: (852)218 95588</p> <p class=""icon_fax"">Fax: (852)3194 3829 </p> <p>Office Hours<br />Monday to Thursday 9:00 - 17:00<br /> Friday 9:00 - 17:30<br /> Saturday 9:00 - 13:00 </p> <span class=""feature-wrapper""> <img src=""/SiteCollectionDocuments/ICBC/Resources/ICBC/haiwai/Asia/photo/2014/ico_atm.jpg"" /><img src=""//v.icbc.com.cn/userfiles/Resources/ICBC/haiwai/Asia/photo/2015/ico_rmb.jpg"" /><img src=""/SiteCollectionDocuments/ICBC/Resources/ICBC/haiwai/Asia/photo/2014/ico_store.jpg"" /><img onfocus=""undefined"" src=""//v.icbc.com.cn/userfiles/Resources/ICBC/haiwai/Asia/photo/2019/ico_cardless.jpg"" onfocus=""undefined"" /></span>", null,135,New Territories
Kwai Fong Branch, 22.358439,114.127493,"<p>C63A-C66, 2/F, Kwai Chung Plaza, Kwai Fong, New Territories</p> <p class=""icon_phone"">Tel: (852)218 95588</p> <p class=""icon_fax"">Fax: (852)2480 0210</p> <p>Office Hours<br />Monday to Thursday 9:00 - 17:00<br /> Friday 9:00 - 17:30<br /> Saturday 9:00 - 13:00 </p> <span class=""feature-wrapper""> <img src=""/SiteCollectionDocuments/ICBC/Resources/ICBC/haiwai/Asia/photo/2014/ico_atm.jpg"" /><img src=""//v.icbc.com.cn/userfiles/Resources/ICBC/haiwai/Asia/photo/2015/ico_rmb.jpg"" /></span>", null,136,New Territories
Kwai Chung Branch, 22.367264,114.137897,"<p>Unit G02, Tower A, Regent Centre,<br/>63 Wo Yi Hop Road, Kwai Chung, New Territories</p> <p class=""icon_phone"">Tel: (852)218 95588</p> <p class=""icon_fax"">Fax: (852)2420 9883</p> <p>Office Hours<br />Monday to Thursday 9:00 - 17:00<br /> Friday 9:00 - 17:30<br /> Saturday 9:00 - 13:00 </p> <span class=""feature-wrapper""> <img src=""/SiteCollectionDocuments/ICBC/Resources/ICBC/haiwai/Asia/photo/2014/ico_atm.jpg"" /><img src=""//v.icbc.com.cn/userfiles/Resources/ICBC/haiwai/Asia/photo/2015/ico_rmb.jpg"" /><img src=""/SiteCollectionDocuments/ICBC/Resources/ICBC/haiwai/Asia/photo/2014/ico_store.jpg"" /><img src=""/SiteCollectionDocuments/ICBC/Resources/ICBC/haiwai/Asia/photo/2014/ico_24hour.jpg"" /></span>", null,137,New Territories
Tsuen Wan Castle Peak Road Branch, 22.374805,114.112556,"<p>G/F, 423-427 Castle Peak Road Tsuen Wan, New Territories</p> <p class=""icon_phone"">Tel: (852)218 95588</p> <p class=""icon_fax"">Fax: (852)2412 1080</p> <p>Office Hours<br />Monday to Thursday 9:00 - 17:00<br /> Friday 9:00 - 17:30<br /> Saturday 9:00 - 13:00 </p> <span class=""feature-wrapper""> <img src=""/SiteCollectionDocuments/ICBC/Resources/ICBC/haiwai/Asia/photo/2014/ico_atm.jpg"" /><img src=""//v.icbc.com.cn/userfiles/Resources/ICBC/haiwai/Asia/photo/2015/ico_rmb.jpg"" /><img src=""/SiteCollectionDocuments/ICBC/Resources/ICBC/haiwai/Asia/photo/2014/ico_store.jpg"" /><img src=""/SiteCollectionDocuments/ICBC/Resources/ICBC/haiwai/Asia/photo/2014/ico_24hour.jpg"" /></span>", null,138,New Territories
Sha Tsui Road Branch, 22.36915,114.118141,"<p>Shop 4, G/F Chung On Building,<br/>297-313 Sha Tsui Road, Tsuen Wan, New Territories</p> <p class=""icon_phone"">Tel: (852)218 95588</p> <p class=""icon_fax"">Fax: (852)2439 0076</p> <p>Office Hours<br />Monday to Thursday 9:00 - 17:00<br /> Friday 9:00 - 17:30<br /> Saturday 9:00 - 13:00 </p> <span class=""feature-wrapper""> <img src=""/SiteCollectionDocuments/ICBC/Resources/ICBC/haiwai/Asia/photo/2014/ico_atm.jpg"" /><img src=""//v.icbc.com.cn/userfiles/Resources/ICBC/haiwai/Asia/photo/2015/ico_rmb.jpg"" /><img src=""/SiteCollectionDocuments/ICBC/Resources/ICBC/haiwai/Asia/photo/2014/ico_store.jpg"" /><img src=""/SiteCollectionDocuments/ICBC/Resources/ICBC/haiwai/Asia/photo/2014/ico_24hour.jpg"" /> </span>", null,139,New Territories
Tuen Mun Branch, 22.389071,113.967425,"<p>217 A-F Central Services Building, Nan Fung Industrial City,<br/>18 Tin Hau Road, Tuen Mun, New Territories</p> <p class=""icon_phone"">Tel: (852)218 95588</p> <p class=""icon_fax"">Fax: (852)2466 6245</p> <p>Office Hours<br />Monday to Thursday 9:00 - 17:00<br /> Friday 9:00 - 17:30<br /> Saturday 9:00 - 13:00 </p> <span class=""feature-wrapper""> <img src=""/SiteCollectionDocuments/ICBC/Resources/ICBC/haiwai/Asia/photo/2014/ico_atm.jpg"" /><img src=""//v.icbc.com.cn/userfiles/Resources/ICBC/haiwai/Asia/photo/2015/ico_rmb.jpg"" /><img src=""/SiteCollectionDocuments/ICBC/Resources/ICBC/haiwai/Asia/photo/2014/ico_store.jpg"" /></span>", null,140,New Territories
Yan Ching Street Branch, 22.395962,113.9753,"<p>Shops 4 and 5, G/F, Tuen Mun Centre, 11 Yan Ching Street,<br/>Tuen Mun, New Territories.</p> <p class=""icon_phone"">Tel: (852)218 95588</p> <p class=""icon_fax"">Fax: (852)2427 2117</p> <p>Office Hours<br />Monday to Thursday 9:00 - 17:00<br /> Friday 9:00 - 17:30<br /> Saturday 9:00 - 13:00 </p> <span class=""feature-wrapper""> <img src=""/SiteCollectionDocuments/ICBC/Resources/ICBC/haiwai/Asia/photo/2014/ico_atm.jpg"" /><img src=""//v.icbc.com.cn/userfiles/Resources/ICBC/haiwai/Asia/photo/2015/ico_rmb.jpg"" /><img src=""/SiteCollectionDocuments/ICBC/Resources/ICBC/haiwai/Asia/photo/2014/ico_store.jpg"" /><img src=""/SiteCollectionDocuments/ICBC/Resources/ICBC/haiwai/Asia/photo/2014/ico_24hour.jpg"" /> </span>", null,141,New Territories
Tai Hing Branch, 22.402655,113.970467,"<p>Shop 21-23 Tai Hing Commercial Complex,<br/>Tai Hing Estate, Tuen Mun, New Territories</p> <p class=""icon_phone"">Tel: (852)218 95588</p> <p class=""icon_fax"">Fax: (852)2456 3200</p> <p>Office Hours<br />Monday to Thursday 9:00 - 17:00<br /> Friday 9:00 - 17:30<br /> Saturday 9:00 - 13:00 </p> <span class=""feature-wrapper""> <img src=""/SiteCollectionDocuments/ICBC/Resources/ICBC/haiwai/Asia/photo/2014/ico_atm.jpg"" /><img src=""//v.icbc.com.cn/userfiles/Resources/ICBC/haiwai/Asia/photo/2015/ico_rmb.jpg"" /><img src=""/SiteCollectionDocuments/ICBC/Resources/ICBC/haiwai/Asia/photo/2014/ico_store.jpg"" /><img src=""/SiteCollectionDocuments/ICBC/Resources/ICBC/haiwai/Asia/photo/2014/ico_24hour.jpg"" /> </span>", null,142,New Territories
Yuen Long Branch, 22.444546,114.025999,"<p>G/F, 197-199 Castle Peak Road, Yuen Long, New Territories</p> <p class=""icon_phone"">Tel: (852)218 95588</p> <p class=""icon_fax"">Fax: (852)2442 5448</p> <p>Office Hours<br />Monday to Thursday 9:00 - 17:00<br /> Friday 9:00 - 17:30<br /> Saturday 9:00 - 13:00 </p> <span class=""feature-wrapper""> <img src=""/SiteCollectionDocuments/ICBC/Resources/ICBC/haiwai/Asia/photo/2014/ico_atm.jpg"" /><img src=""//v.icbc.com.cn/userfiles/Resources/ICBC/haiwai/Asia/photo/2015/ico_rmb.jpg"" /><img src=""/SiteCollectionDocuments/ICBC/Resources/ICBC/haiwai/Asia/photo/2014/ico_store.jpg"" /><img onfocus=""undefined"" src=""//v.icbc.com.cn/userfiles/Resources/ICBC/haiwai/Asia/photo/2017/rmb_store.jpg"" onfocus=""undefined"" /></span>", null,143,New Territories
Kau Yuk Road Personal Banking Centre, 22.44281,114.027001,"<p>Shop 3 & 4, G/F, Ying Cheong Building, 21 Kau Yuk Road, Yuen Long, New Territories</p> <p class=""icon_phone"">Tel: (852)218 95588</p> <p class=""icon_fax"">Fax: (852)2613 5099</p> <p>Office Hours<br />Monday to Thursday 9:00 - 17:00<br /> Friday 9:00 - 17:30<br /> Saturday 9:00 - 13:00 </p> <span class=""feature-wrapper""> <img src=""/SiteCollectionDocuments/ICBC/Resources/ICBC/haiwai/Asia/photo/2014/ico_atm.jpg"" /><img src=""//v.icbc.com.cn/userfiles/Resources/ICBC/haiwai/Asia/photo/2015/ico_rmb.jpg"" /><img src=""/SiteCollectionDocuments/ICBC/Resources/ICBC/haiwai/Asia/photo/2014/ico_store.jpg"" /><img src=""/SiteCollectionDocuments/ICBC/Resources/ICBC/haiwai/Asia/photo/2014/ico_24hour.jpg"" /></span>", null,144,New Territories
Tai Wai Branch, 22.375777,114.177051,"<p>Shop No. 5, G/F, Kam Shan Building, Tai Wai Road,<br/>Tai Wai, New Territories</p> <p class=""icon_phone"">Tel: (852)218 95588</p> <p class=""icon_fax"">Fax: (852)2405 6669</p> <p>Office Hours<br />Monday to Thursday 9:00 - 17:00<br /> Friday 9:00 - 17:30<br /> Saturday 9:00 - 13:00 </p> <span class=""feature-wrapper""> <img src=""/SiteCollectionDocuments/ICBC/Resources/ICBC/haiwai/Asia/photo/2014/ico_atm.jpg"" /><img src=""//v.icbc.com.cn/userfiles/Resources/ICBC/haiwai/Asia/photo/2015/ico_rmb.jpg"" /><img src=""/SiteCollectionDocuments/ICBC/Resources/ICBC/haiwai/Asia/photo/2014/ico_store.jpg"" /><img src=""/SiteCollectionDocuments/ICBC/Resources/ICBC/haiwai/Asia/photo/2014/ico_24hour.jpg"" /></span>", null,145,New Territories
Shatin Personal Banking Centre, 22.382724,114.191268,"<p>Shop No.185, Level 3, Shatin Lucky Plaza, Shatin, New Territories</p> <p class=""icon_phone"">Tel: (852)218 95588</p> <p class=""icon_fax"">Fax: (852)2772 2560</p> <p>Office Hours<br />Monday to Thursday 9:00 - 17:00<br /> Friday 9:00 - 17:30<br /> </p> <span class=""feature-wrapper""> <img src=""/SiteCollectionDocuments/ICBC/Resources/ICBC/haiwai/Asia/photo/2014/ico_atm.jpg"" /><img src=""//v.icbc.com.cn/userfiles/Resources/ICBC/haiwai/Asia/photo/2015/ico_rmb.jpg"" /><img src=""/SiteCollectionDocuments/ICBC/Resources/ICBC/haiwai/Asia/photo/2014/ico_store.jpg"" /></span>", null,146,New Territories
Shatin Branch, 22.382331,114.190081,"<p>Shop 22J, Level 3, Shatin Centre, New Territories</p> <p class=""icon_phone"">Tel: (852)218 95588</p> <p class=""icon_fax"">Fax: (852)2695 7399</p> <p>Office Hours<br />Monday to Thursday 9:00 - 17:00<br /> Friday 9:00 - 17:30<br /> Saturday 9:00 - 13:00 </p> <span class=""feature-wrapper""> <img src=""/SiteCollectionDocuments/ICBC/Resources/ICBC/haiwai/Asia/photo/2014/ico_atm.jpg"" /><img src=""//v.icbc.com.cn/userfiles/Resources/ICBC/haiwai/Asia/photo/2015/ico_rmb.jpg"" /><img src=""/SiteCollectionDocuments/ICBC/Resources/ICBC/haiwai/Asia/photo/2014/ico_store.jpg"" /><img src=""/SiteCollectionDocuments/ICBC/Resources/ICBC/haiwai/Asia/photo/2014/ico_24hour.jpg"" /></span>", null,147,New Territories
Tai Po Branch, 22.447021,114.167055,"<p>Shop F, G/F, Mee Fat Building,<br/>No 34-38 Tai Wing Lane, Tai Po, New Territories</p> <p class=""icon_phone"">Tel: (852)218 95588</p> <p class=""icon_fax"">Fax: (852)2638 8738</p> <p>Office Hours<br />Monday to Thursday 9:00 - 17:00<br /> Friday 9:00 - 17:30<br /> Saturday 9:00 - 13:00 </p> <span class=""feature-wrapper""> <img src=""/SiteCollectionDocuments/ICBC/Resources/ICBC/haiwai/Asia/photo/2014/ico_atm.jpg"" /><img src=""//v.icbc.com.cn/userfiles/Resources/ICBC/haiwai/Asia/photo/2015/ico_rmb.jpg"" /><img src=""/SiteCollectionDocuments/ICBC/Resources/ICBC/haiwai/Asia/photo/2014/ico_store.jpg"" /><img src=""/SiteCollectionDocuments/ICBC/Resources/ICBC/haiwai/Asia/photo/2014/ico_24hour.jpg"" /></span>", null,148,New Territories
Tai Wo Branch, 22.45122,114.158729,"<p>Shop 216, 2/F, Tai Wo Plaza,<br/>Tai Wo Estate, Tai Po, New Territories</p> <p class=""icon_phone"">Tel: (852)218 95588</p> <p class=""icon_fax"">Fax: (852)2650 2982</p> <p>Office Hours<br />Monday to Thursday 9:00 - 17:00<br /> Friday 9:00 - 17:30<br /> Saturday 9:00 - 13:00 </p> <span class=""feature-wrapper""> <img src=""/SiteCollectionDocuments/ICBC/Resources/ICBC/haiwai/Asia/photo/2014/ico_atm.jpg"" /><img src=""//v.icbc.com.cn/userfiles/Resources/ICBC/haiwai/Asia/photo/2015/ico_rmb.jpg"" /><img src=""/SiteCollectionDocuments/ICBC/Resources/ICBC/haiwai/Asia/photo/2014/ico_store.jpg"" /> </span>", null,149,New Territories
Sheung Shui Branch, 22.50557,114.127098,"<p>Shop 2, G/F, San Fung Building,<br> No.33 San Fung Avenue, Shek Wu Hui, <br>Sheung Shui, New Territories</p> <p class=""icon_phone"">Tel: (852)218 95588</p> <p class=""icon_fax"">Fax: (852)2639 0500</p> <p>Office Hours<br />Monday to Thursday 9:00 - 17:00<br /> Friday 9:00 - 17:30<br /> Saturday 9:00 - 13:00 </p> <span class=""feature-wrapper""> <img src=""/SiteCollectionDocuments/ICBC/Resources/ICBC/haiwai/Asia/photo/2014/ico_atm.jpg"" /><img src=""//v.icbc.com.cn/userfiles/Resources/ICBC/haiwai/Asia/photo/2015/ico_rmb.jpg"" /><img src=""/SiteCollectionDocuments/ICBC/Resources/ICBC/haiwai/Asia/photo/2014/ico_store.jpg"" /><img src=""/SiteCollectionDocuments/ICBC/Resources/ICBC/haiwai/Asia/photo/2014/ico_24hour.jpg"" /><img onfocus=""undefined"" src=""//v.icbc.com.cn/userfiles/Resources/ICBC/haiwai/Asia/photo/2017/rmb_store.jpg"" onfocus=""undefined"" /> </span>", null,150,New Territories
Wanchai Personal Banking Centre, 22.279995,114.175468,"<p>Shop 101, 1/F, China Resources Building, 26 Harbour Road, Wanchai, Hong Kong</p> <p class=""icon_phone"">Tel: (852)218 95588</p> <p class=""icon_fax"">Fax: (852)2455 3612</p> <p>Office Hours<br />Monday to Thursday 9:00 - 17:00<br /> Friday 9:00 - 17:30</p> <span class=""feature-wrapper""><img src=""/SiteCollectionDocuments/ICBC/Resources/ICBC/haiwai/Asia/photo/2014/ico_24hour.jpg"" /> <img src=""/SiteCollectionDocuments/ICBC/Resources/ICBC/haiwai/Asia/photo/2014/ico_atm.jpg"" /><img src=""//v.icbc.com.cn/userfiles/Resources/ICBC/haiwai/Asia/photo/2015/ico_rmb.jpg"" /><img src=""/SiteCollectionDocuments/ICBC/Resources/ICBC/haiwai/Asia/photo/2014/ico_store.jpg"" /></span>", null,152,New Territories
MTR Tai Wai Station ATM, 22.372746,114.178677,"<p>Shop TAW ATM 3, Exit A, MTR Tai Wai Station(Unpaid Concourse)</p> <span class=""feature-wrapper""> <img src=""/SiteCollectionDocuments/ICBC/Resources/ICBC/haiwai/Asia/photo/2014/ico_atm.jpg"" /><img src=""//v.icbc.com.cn/userfiles/Resources/ICBC/haiwai/Asia/photo/2015/ico_rmb.jpg"" /> </span>", null,33,New Territories
Allway Garden ATM, 22.378318,114.103615,"<p>Allway Garden (near bus terminus), Tsuen Wan</p> <span class=""feature-wrapper""> <img src=""/SiteCollectionDocuments/ICBC/Resources/ICBC/haiwai/Asia/photo/2014/ico_atm.jpg"" /><img src=""//v.icbc.com.cn/userfiles/Resources/ICBC/haiwai/Asia/photo/2015/ico_rmb.jpg"" /> <img src=""/SiteCollectionDocuments/ICBC/Resources/ICBC/haiwai/Asia/photo/2014/ico_24hour.jpg"" /></span>", null,34,New Territories
Belvedere Garden Phase 3 ATM, 22.371307,114.100881,"<p>G/F, Belvedere Garden Phase 3, 625 Castle Peak Road, Tsuen Wan, NT</p> <span class=""feature-wrapper""> <img src=""/SiteCollectionDocuments/ICBC/Resources/ICBC/haiwai/Asia/photo/2014/ico_atm.jpg"" /><img src=""//v.icbc.com.cn/userfiles/Resources/ICBC/haiwai/Asia/photo/2015/ico_rmb.jpg"" /> </span>", null,158,New Territories
HomeSquare ATM, 22.385291,114.187637,"<p>Level 1 next to Customer Care Center, HomeSquare, Shatin</p> <span class=""feature-wrapper""> <img src=""/SiteCollectionDocuments/ICBC/Resources/ICBC/haiwai/Asia/photo/2014/ico_atm.jpg"" /><img src=""//v.icbc.com.cn/userfiles/Resources/ICBC/haiwai/Asia/photo/2015/ico_rmb.jpg"" /> </span>", null,35,New Territories
MTR Tai Shui Hang ATM, 22.408425,114.222716,"<p>Shop TSH ATM 2, Subway Level, MTR Tai Shui Hang Station(Unpaid Concourse)</p> <span class=""feature-wrapper""> <img src=""/SiteCollectionDocuments/ICBC/Resources/ICBC/haiwai/Asia/photo/2014/ico_atm.jpg"" /><img src=""//v.icbc.com.cn/userfiles/Resources/ICBC/haiwai/Asia/photo/2015/ico_rmb.jpg"" /></span>", null,36,New Territories
MTR Sha Tin Station Self Service Banking Centre, 22.382049,114.186856,"<p>Shop SHT 21, Paid Concourse, MTR Sha Tin Station(paid Concourse)</p> <span class=""feature-wrapper""> <img src=""/SiteCollectionDocuments/ICBC/Resources/ICBC/haiwai/Asia/photo/2014/ico_atm.jpg"" /><img src=""//v.icbc.com.cn/userfiles/Resources/ICBC/haiwai/Asia/photo/2015/ico_rmb.jpg"" /><img src=""/SiteCollectionDocuments/ICBC/Resources/ICBC/haiwai/Asia/photo/2014/ico_store.jpg"" /></span>", null,38,New Territories
MTR Sunny Bay Station ATM, 22.332071,114.029067,"<p>Shop SUN ATM 2, Platform, MTR Sunny Bay Station(paid Concourse)</p> <span class=""feature-wrapper""> <img src=""/SiteCollectionDocuments/ICBC/Resources/ICBC/haiwai/Asia/photo/2014/ico_atm.jpg"" /><img src=""//v.icbc.com.cn/userfiles/Resources/ICBC/haiwai/Asia/photo/2015/ico_rmb.jpg"" /></span>", null,39,New Territories
Plaza Asoct ATM, 22.399059,114.201135,"<p>ATM No.1 Plaza Ascot</p> <span class=""feature-wrapper""> <img src=""/SiteCollectionDocuments/ICBC/Resources/ICBC/haiwai/Asia/photo/2014/ico_atm.jpg"" /><img src=""//v.icbc.com.cn/userfiles/Resources/ICBC/haiwai/Asia/photo/2015/ico_rmb.jpg"" /> </span>", null,41,New Territories
Tuen Mun Trend Plaza ATM, 22.392578,113.975782,"<p>Shop1, level 1, South Wing, Trend Plaza, Tuen Mun</p> <span class=""feature-wrapper""> <img src=""/SiteCollectionDocuments/ICBC/Resources/ICBC/haiwai/Asia/photo/2014/ico_atm.jpg"" /><img src=""//v.icbc.com.cn/userfiles/Resources/ICBC/haiwai/Asia/photo/2015/ico_rmb.jpg"" /><img src=""/SiteCollectionDocuments/ICBC/Resources/ICBC/haiwai/Asia/photo/2014/ico_24hour.jpg"" /> </span>", null,42,New Territories
Richland Garden Shopping Center ATM, 22.373013,113.964368,"<p>G/F, Richland Garden Shopping Center, 138 Wu Chui Road, Tuen Mun, New Territories</p> <span class=""feature-wrapper""> <img src=""/SiteCollectionDocuments/ICBC/Resources/ICBC/haiwai/Asia/photo/2014/ico_atm.jpg"" /><img src=""//v.icbc.com.cn/userfiles/Resources/ICBC/haiwai/Asia/photo/2015/ico_rmb.jpg"" /></span>", null,86,New Territories
Tsuen Wan Center ATM, 22.368611,114.113056,"<p>Shop No. M1, Tsuen Wan Center Phase II, Tsuen Wan</p> <span class=""feature-wrapper""> <img src=""/SiteCollectionDocuments/ICBC/Resources/ICBC/haiwai/Asia/photo/2014/ico_atm.jpg"" /><img src=""//v.icbc.com.cn/userfiles/Resources/ICBC/haiwai/Asia/photo/2015/ico_rmb.jpg"" /><img src=""/SiteCollectionDocuments/ICBC/Resources/ICBC/haiwai/Asia/photo/2014/ico_24hour.jpg"" /> </span>", null,43,New Territories
Maritime Sqaure Self Service Banking Centre, 22.357846,114.106024,"<p>1/F, Shop 170, Maritime Sqaure, Tsing Yi</p> <span class=""feature-wrapper""> <img src=""/SiteCollectionDocuments/ICBC/Resources/ICBC/haiwai/Asia/photo/2014/ico_atm.jpg"" /><img src=""//v.icbc.com.cn/userfiles/Resources/ICBC/haiwai/Asia/photo/2015/ico_rmb.jpg"" /><img src=""/SiteCollectionDocuments/ICBC/Resources/ICBC/haiwai/Asia/photo/2014/ico_store.jpg"" /></span>", null,45,New Territories
Tsing Yi China Merchants ATM, 22.3329355,114.1092339,"<p>G/F, No.181 Tsing Yi Hong Wan Road, Tsing Yi, N.T, Hong Kong</p> <span class=""feature-wrapper""> <img src=""/SiteCollectionDocuments/ICBC/Resources/ICBC/haiwai/Asia/photo/2014/ico_atm.jpg"" /><img src=""//v.icbc.com.cn/userfiles/Resources/ICBC/haiwai/Asia/photo/2015/ico_rmb.jpg"" /></span>", null,175,New Territories
MTR Disney Resort Station ATM, 22.315474,114.044921,"<p>Shop DIS ATM 2, Disney Resort MTR Station(paid Concourse)</p> <span class=""feature-wrapper""> <img src=""/SiteCollectionDocuments/ICBC/Resources/ICBC/haiwai/Asia/photo/2014/ico_atm.jpg"" /><img src=""//v.icbc.com.cn/userfiles/Resources/ICBC/haiwai/Asia/photo/2015/ico_rmb.jpg"" /></span>", null,46,New Territories
Tuen Mun Tsing Shan Square ATM, 22.389452,113.979314,"<p>Shop 7, G/F, No.2 Tsing Shan Square, Tuen Mun</p> <span class=""feature-wrapper""> <img src=""/SiteCollectionDocuments/ICBC/Resources/ICBC/haiwai/Asia/photo/2014/ico_atm.jpg"" /><img src=""//v.icbc.com.cn/userfiles/Resources/ICBC/haiwai/Asia/photo/2015/ico_rmb.jpg"" /><img src=""/SiteCollectionDocuments/ICBC/Resources/ICBC/haiwai/Asia/photo/2014/ico_24hour.jpg"" /> </span>", null,47,New Territories
Jat Min Chuen ATM, 22.37665,114.192266,"<p>G/F, Jat Min Chuen Street, Shatin, NT.</p> <span class=""feature-wrapper""> <img src=""/SiteCollectionDocuments/ICBC/Resources/ICBC/haiwai/Asia/photo/2014/ico_atm.jpg"" /><img src=""//v.icbc.com.cn/userfiles/Resources/ICBC/haiwai/Asia/photo/2015/ico_rmb.jpg"" /><img src=""/SiteCollectionDocuments/ICBC/Resources/ICBC/haiwai/Asia/photo/2014/ico_24hour.jpg"" /> </span>", null,48,New Territories
Tin Yan Shopping Center ATM, 22.462464,113.99705,"<p>G/F, Tin Yan Shopping Center, Tin Shui Wai NT.</p> <span class=""feature-wrapper""><img src=""/SiteCollectionDocuments/ICBC/Resources/ICBC/haiwai/Asia/photo/2014/ico_atm.jpg"" /><img src=""//v.icbc.com.cn/userfiles/Resources/ICBC/haiwai/Asia/photo/2015/ico_rmb.jpg"" /></span>", null,49,New Territories
Maritime Bay ATM, 22.314764,114.265831,"<p>UG/F, Maritime Bay Shopping Center, Tseung Kwan O, NT</p> <span class=""feature-wrapper""> <img src=""/SiteCollectionDocuments/ICBC/Resources/ICBC/haiwai/Asia/photo/2014/ico_atm.jpg"" /><img src=""//v.icbc.com.cn/userfiles/Resources/ICBC/haiwai/Asia/photo/2015/ico_rmb.jpg"" /><img src=""/SiteCollectionDocuments/ICBC/Resources/ICBC/haiwai/Asia/photo/2014/ico_24hour.jpg"" /> </span>", null,50,New Territories
Landmark North ATM, 22.50269,114.127908,"<p>ATM Area, L3, Landmark North, Sheung Shui</p> <span class=""feature-wrapper""> <img src=""/SiteCollectionDocuments/ICBC/Resources/ICBC/haiwai/Asia/photo/2014/ico_atm.jpg"" /><img src=""//v.icbc.com.cn/userfiles/Resources/ICBC/haiwai/Asia/photo/2015/ico_rmb.jpg"" /></span>", null,51,New Territories
Hang King Shopping Arcade ATM, 22.360413,114.127809,"<p>Ground Floor of Hang King Garden, 9 Wing Fong Road, Kwai Chung</p> <span class=""feature-wrapper""> <img src=""/SiteCollectionDocuments/ICBC/Resources/ICBC/haiwai/Asia/photo/2014/ico_atm.jpg"" /><img src=""//v.icbc.com.cn/userfiles/Resources/ICBC/haiwai/Asia/photo/2015/ico_rmb.jpg"" /></span>", null,52,New Territories
Panda Place Self Service Banking Centre, 22.369047,114.1208,"<p>Shop No. G38. Panda Place, Panda Hotel, 3 Tsuen Wah Street, Tsuen Wan. N.T.</p> <span class=""feature-wrapper""> <img src=""/SiteCollectionDocuments/ICBC/Resources/ICBC/haiwai/Asia/photo/2014/ico_atm.jpg"" /><img src=""//v.icbc.com.cn/userfiles/Resources/ICBC/haiwai/Asia/photo/2015/ico_rmb.jpg"" /><img src=""/SiteCollectionDocuments/ICBC/Resources/ICBC/haiwai/Asia/photo/2014/ico_store.jpg"" /><img src=""/SiteCollectionDocuments/ICBC/Resources/ICBC/haiwai/Asia/photo/2014/ico_24hour.jpg"" /> </span>", null,53,New Territories
MTR Lo Wu Station Self Service Banking Centre, 22.527801,114.113192,"<p>Shop LOW K5, MTR Lo Wu Station(Unpaid Concourse)</p> <span class=""feature-wrapper""> <img src=""/SiteCollectionDocuments/ICBC/Resources/ICBC/haiwai/Asia/photo/2014/ico_atm.jpg"" /><img src=""//v.icbc.com.cn/userfiles/Resources/ICBC/haiwai/Asia/photo/2015/ico_rmb.jpg"" /><img src=""/SiteCollectionDocuments/ICBC/Resources/ICBC/haiwai/Asia/photo/2014/ico_store.jpg"" /></span>", null,54,New Territories
Popcorn ATM, 22.307521,114.259068,"<p>ATM No.1 , 1/F, PopCorn, 9 Tong Yin Street, Tseung Kwan O</p> <span class=""feature-wrapper""> <img src=""/SiteCollectionDocuments/ICBC/Resources/ICBC/haiwai/Asia/photo/2014/ico_atm.jpg"" /><img src=""//v.icbc.com.cn/userfiles/Resources/ICBC/haiwai/Asia/photo/2015/ico_rmb.jpg"" /><img onfocus=""undefined"" src=""//v.icbc.com.cn/userfiles/Resources/ICBC/haiwai/Asia/photo/2019/ico_cardless.jpg"" onfocus=""undefined"" /></span>", null,55,New Territories
MTR Sha Tin Wai Station ATM, 22.377042,114.195034,"<p>Shop STW 5A, Sha Tin Wai MTR Station(paid Concourse)</p> <span class=""feature-wrapper""> <img src=""/SiteCollectionDocuments/ICBC/Resources/ICBC/haiwai/Asia/photo/2014/ico_atm.jpg"" /><img src=""//v.icbc.com.cn/userfiles/Resources/ICBC/haiwai/Asia/photo/2015/ico_rmb.jpg"" /></span>", null,56,New Territories
Skyline Plaza JUSCO ATM, 22.369743,114.111844,"<p>Shop No. L203A , 2/F , AEON Skyline Store, 88 Tai Ho Road, Tsuen Wan</p> <span class=""feature-wrapper""> <img src=""/SiteCollectionDocuments/ICBC/Resources/ICBC/haiwai/Asia/photo/2014/ico_atm.jpg"" /><img src=""//v.icbc.com.cn/userfiles/Resources/ICBC/haiwai/Asia/photo/2015/ico_rmb.jpg"" /></span>", null,57,New Territories
MTR City One Station ATM, 22.382832,114.203779,"<p>Shop CIO 7A, MTR City One Station(paid Concourse)</p> <span class=""feature-wrapper""> <img src=""/SiteCollectionDocuments/ICBC/Resources/ICBC/haiwai/Asia/photo/2014/ico_atm.jpg"" /><img src=""//v.icbc.com.cn/userfiles/Resources/ICBC/haiwai/Asia/photo/2015/ico_rmb.jpg"" /></span>", null,58,New Territories
Mei Chung Court ATM, 22.380952,114.17328,"<p>ATM No.1, Level 2, Mei Chung Court Carpark , Mei Chung Court, Tai Wai</p> <span class=""feature-wrapper""> <img src=""/SiteCollectionDocuments/ICBC/Resources/ICBC/haiwai/Asia/photo/2014/ico_atm.jpg"" /><img src=""//v.icbc.com.cn/userfiles/Resources/ICBC/haiwai/Asia/photo/2015/ico_rmb.jpg"" /><img src=""/SiteCollectionDocuments/ICBC/Resources/ICBC/haiwai/Asia/photo/2014/ico_24hour.jpg"" /></span>", null,59,New Territories
Shan King Shopping Center ATM, 22.396534,113.965728,"<p>ATM No.2, G/F, Shan King Shopping Center, Shan King Estate, Tuen Mun</p> <span class=""feature-wrapper""> <img src=""/SiteCollectionDocuments/ICBC/Resources/ICBC/haiwai/Asia/photo/2014/ico_atm.jpg"" /><img src=""//v.icbc.com.cn/userfiles/Resources/ICBC/haiwai/Asia/photo/2015/ico_rmb.jpg"" /><img src=""/SiteCollectionDocuments/ICBC/Resources/ICBC/haiwai/Asia/photo/2014/ico_24hour.jpg"" /></span>", null,60,New Territories
Po Tin Shopping Center ATM, 22.409665,113.966728,"<p>ATM No. 3, 1/F, Po Tin Shopping Center, Po Tin Estate, Tuen Mun</p> <span class=""feature-wrapper""> <img src=""/SiteCollectionDocuments/ICBC/Resources/ICBC/haiwai/Asia/photo/2014/ico_atm.jpg"" /><img src=""//v.icbc.com.cn/userfiles/Resources/ICBC/haiwai/Asia/photo/2015/ico_rmb.jpg"" /><img src=""/SiteCollectionDocuments/ICBC/Resources/ICBC/haiwai/Asia/photo/2014/ico_24hour.jpg"" /></span>", null,61,New Territories
Kin Sang Shopping Center ATM, 22.407061,113.969443,"<p>ATM No.3 1/F, Kin Sang Shopping Center, Kin Sang Estate, Tuen Mun</p> <span class=""feature-wrapper""> <img src=""/SiteCollectionDocuments/ICBC/Resources/ICBC/haiwai/Asia/photo/2014/ico_atm.jpg"" /><img src=""//v.icbc.com.cn/userfiles/Resources/ICBC/haiwai/Asia/photo/2015/ico_rmb.jpg"" /><img src=""/SiteCollectionDocuments/ICBC/Resources/ICBC/haiwai/Asia/photo/2014/ico_24hour.jpg"" /></span>", null,62,New Territories
Wo Che Plaza ATM, 22.38749,114.195623,"<p>2/F, Wo Che Plaza, 3 Tak Hau Street, Sha Tin, New Territories</p> <span class=""feature-wrapper""> <img src=""/SiteCollectionDocuments/ICBC/Resources/ICBC/haiwai/Asia/photo/2014/ico_atm.jpg"" /><img src=""//v.icbc.com.cn/userfiles/Resources/ICBC/haiwai/Asia/photo/2015/ico_rmb.jpg"" /></span>", null,63,New Territories
Choi Ming Shopping Centre ATM(Temporary Suspension), 22.305977,114.251456,"<p>2/F, Choi Ming Shopping Centre, 1 Choi Ming Street, Tiu Keng Leng, Tseung Kwan O, New Territories</p> <span class=""feature-wrapper""> <img src=""/SiteCollectionDocuments/ICBC/Resources/ICBC/haiwai/Asia/photo/2014/ico_atm.jpg"" /><img src=""//v.icbc.com.cn/userfiles/Resources/ICBC/haiwai/Asia/photo/2015/ico_rmb.jpg"" /><img src=""/SiteCollectionDocuments/ICBC/Resources/ICBC/haiwai/Asia/photo/2014/ico_24hour.jpg"" /></span>", null,64,New Territories
Tseung Kwan O Plaza ATM, 22.308960, 114.262280,"<p>1/F,Tseung Kwan O Plaza, No.1 Tong Tak ST., Tseung Kwan O,New Territories</p> <span class=""feature-wrapper""> <img src=""/SiteCollectionDocuments/ICBC/Resources/ICBC/haiwai/Asia/photo/2014/ico_atm.jpg"" /><img src=""//v.icbc.com.cn/userfiles/Resources/ICBC/haiwai/Asia/photo/2015/ico_rmb.jpg"" /><img onfocus=""undefined"" src=""//v.icbc.com.cn/userfiles/Resources/ICBC/haiwai/Asia/photo/2019/ico_cardless.jpg"" onfocus=""undefined"" /></span>", null,160,New Territories
Kam Tai Shopping Centre ATM, 22.4089,114.221922,"<p>1/F, Kam Tai Shopping Centre, 31 Ning Tai Road, Ma On Shan</p> <span class=""feature-wrapper""> <img src=""/SiteCollectionDocuments/ICBC/Resources/ICBC/haiwai/Asia/photo/2014/ico_atm.jpg"" /><img src=""//v.icbc.com.cn/userfiles/Resources/ICBC/haiwai/Asia/photo/2015/ico_rmb.jpg"" /></span>", null,65,New Territories
Kam Ying Shopping Centre ATM, 22.423212,114.236676,"<p>LG1/F, Kam Ying Shopping Centre, 9, Kam Ying Road, Ma On Shan, Sha Tin</p> <span class=""feature-wrapper""> <img src=""/SiteCollectionDocuments/ICBC/Resources/ICBC/haiwai/Asia/photo/2014/ico_atm.jpg"" /><img src=""//v.icbc.com.cn/userfiles/Resources/ICBC/haiwai/Asia/photo/2015/ico_rmb.jpg"" /><img src=""/SiteCollectionDocuments/ICBC/Resources/ICBC/haiwai/Asia/photo/2014/ico_24hour.jpg"" /></span>", null,66,New Territories
Chung On Shopping Centre ATM, 22.4222,114.226604,"<p>1/F, Chung On Shopping Centre, 632 Sai Sha Road, Ma On Shan</p> <span class=""feature-wrapper""> <img src=""/SiteCollectionDocuments/ICBC/Resources/ICBC/haiwai/Asia/photo/2014/ico_atm.jpg"" /><img src=""//v.icbc.com.cn/userfiles/Resources/ICBC/haiwai/Asia/photo/2015/ico_rmb.jpg"" /></span>", null,67,New Territories
Lee On Shopping Centre ATM, 22.426453,114.241,"<p>LG3/, Lee On Shopping Centre, 23 Sha On Street, Ma On Shan</p> <span class=""feature-wrapper""> <img src=""/SiteCollectionDocuments/ICBC/Resources/ICBC/haiwai/Asia/photo/2014/ico_atm.jpg"" /><img src=""//v.icbc.com.cn/userfiles/Resources/ICBC/haiwai/Asia/photo/2015/ico_rmb.jpg"" /><img src=""/SiteCollectionDocuments/ICBC/Resources/ICBC/haiwai/Asia/photo/2014/ico_24hour.jpg"" /></span>", null,68,New Territories
Tai Po Government Offices ATM, 22.450977,114.16414,"<p>G/F, Tai Po Government Offices, 1 Ting Kok Road, Tai Po</p> <span class=""feature-wrapper""> <img src=""/SiteCollectionDocuments/ICBC/Resources/ICBC/haiwai/Asia/photo/2014/ico_atm.jpg"" /><img src=""//v.icbc.com.cn/userfiles/Resources/ICBC/haiwai/Asia/photo/2015/ico_rmb.jpg"" /></span>", null,69,New Territories
MTR Fanling Station ATM, 22.492106,114.138634,"<p>FAN ATM 2, Unpaid Concourse, MTR Fanling Station(Unpaid Concourse)</p> <span class=""feature-wrapper""> <img src=""/SiteCollectionDocuments/ICBC/Resources/ICBC/haiwai/Asia/photo/2014/ico_atm.jpg"" /><img src=""//v.icbc.com.cn/userfiles/Resources/ICBC/haiwai/Asia/photo/2015/ico_rmb.jpg"" /></span>", null,70,New Territories
V city ATM, 22.39527,113.973683,"<p>ATM-3, MTR level ,V City, Tuen Mun </p> <span class=""feature-wrapper""> <img src=""/SiteCollectionDocuments/ICBC/Resources/ICBC/haiwai/Asia/photo/2014/ico_atm.jpg"" /><img src=""//v.icbc.com.cn/userfiles/Resources/ICBC/haiwai/Asia/photo/2015/ico_rmb.jpg"" /></span>", null,71,New Territories
Fu Tung Plaza ATM, 22.288961,113.942635,"<p>1/F., Fu Tung Plaza, Tung Chung</p> <span class=""feature-wrapper""> <img src=""/SiteCollectionDocuments/ICBC/Resources/ICBC/haiwai/Asia/photo/2014/ico_atm.jpg"" /><img src=""//v.icbc.com.cn/userfiles/Resources/ICBC/haiwai/Asia/photo/2015/ico_rmb.jpg"" /></span>", null,72,New Territories
Tin Chak Shopping Centre ATM, 22.468432,113.998751,"<p>1/F, Tin Chak Shopping Centre, Tin Shui Wai</p> <span class=""feature-wrapper""> <img src=""/SiteCollectionDocuments/ICBC/Resources/ICBC/haiwai/Asia/photo/2014/ico_atm.jpg"" /><img src=""//v.icbc.com.cn/userfiles/Resources/ICBC/haiwai/Asia/photo/2015/ico_rmb.jpg"" /></span>", null,73,New Territories
Shek Wai Kok Shopping Centre ATM, 22.375271,114.124116,"<p>ATM No.1, 2/F, Shek Wai Kok Shopping Centre, Tsuen Wan</p> <span class=""feature-wrapper""> <img src=""/SiteCollectionDocuments/ICBC/Resources/ICBC/haiwai/Asia/photo/2014/ico_atm.jpg"" /><img src=""//v.icbc.com.cn/userfiles/Resources/ICBC/haiwai/Asia/photo/2015/ico_rmb.jpg"" /><img src=""/SiteCollectionDocuments/ICBC/Resources/ICBC/haiwai/Asia/photo/2014/ico_24hour.jpg"" /></span>", null,74,New Territories
Kowloon Commerce Centre ATM, 22.361935,114.132669,"<p>Level 2, Tower 2, Kowloon Commerce Centre, Kwai Hing</p> <span class=""feature-wrapper""> <img src=""/SiteCollectionDocuments/ICBC/Resources/ICBC/haiwai/Asia/photo/2014/ico_atm.jpg"" /><img src=""//v.icbc.com.cn/userfiles/Resources/ICBC/haiwai/Asia/photo/2015/ico_rmb.jpg"" /></span>", null,78,New Territories
Sun Kwai Hing Plaza ATM, 22.362925,114.131526,"<p>1/F, Sun Kwai Hing Plaza ,166-174 Hing Fong Road, Kwai Chung </p> <span class=""feature-wrapper""> <img src=""/SiteCollectionDocuments/ICBC/Resources/ICBC/haiwai/Asia/photo/2014/ico_atm.jpg"" /><img src=""//v.icbc.com.cn/userfiles/Resources/ICBC/haiwai/Asia/photo/2015/ico_rmb.jpg"" /></span>", null,84,New Territories
Millennium Trade Centre ATM, 22.363409,114.13257,"<p>G/F, Millennium Trade Centre , 56 Kwai Cheong Road, Kwai Chung, New Territories </p> <span class=""feature-wrapper""> <img src=""/SiteCollectionDocuments/ICBC/Resources/ICBC/haiwai/Asia/photo/2014/ico_atm.jpg"" /><img src=""//v.icbc.com.cn/userfiles/Resources/ICBC/haiwai/Asia/photo/2015/ico_rmb.jpg"" /></span>", null,85,New Territories
Tai Po Mega Mall ATM (Zone B), 22.451702,114.171182,"<p>Open Space OS-13, Level 2, Zone B, Tai Po Mega Mall, Tai Po</p> <span class=""feature-wrapper""> <img src=""/SiteCollectionDocuments/ICBC/Resources/ICBC/haiwai/Asia/photo/2014/ico_atm.jpg"" /><img src=""//v.icbc.com.cn/userfiles/Resources/ICBC/haiwai/Asia/photo/2015/ico_rmb.jpg"" /></span>", null,81,New Territories
Tai Po Mega Mall ATM (Zone C), 22.452545,114.170978,"<p>Open Space OS-14, Level 2, Zone C, Tai Po Mega Mall, Tai Po</p> <span class=""feature-wrapper""> <img src=""/SiteCollectionDocuments/ICBC/Resources/ICBC/haiwai/Asia/photo/2014/ico_atm.jpg"" /><img src=""//v.icbc.com.cn/userfiles/Resources/ICBC/haiwai/Asia/photo/2015/ico_rmb.jpg"" /></span>", null,82,New Territories
Tsui Chuk Shopping Centre ATM, 22.3457,114.189311,"<p>3/F,Tsui Chuk Shopping Centre, 8 Tsui Chuk Street, Wong Tai Sin, Kowloon, Hong Kong</p> <span class=""feature-wrapper""> <img src=""/SiteCollectionDocuments/ICBC/Resources/ICBC/haiwai/Asia/photo/2014/ico_atm.jpg"" /><img src=""//v.icbc.com.cn/userfiles/Resources/ICBC/haiwai/Asia/photo/2015/ico_rmb.jpg"" /></span>", null,87,New Territories
Lei Tung Commercial Centre ATM, 22.240952,114.155888,"<p>2/F ,Lei Tung Commercial Centre Phase 1, 5 Lei Tung Estate Road, Ap Lei Chau, Hong Kong </p> <span class=""feature-wrapper""> <img src=""/SiteCollectionDocuments/ICBC/Resources/ICBC/haiwai/Asia/photo/2014/ico_atm.jpg"" /><img src=""//v.icbc.com.cn/userfiles/Resources/ICBC/haiwai/Asia/photo/2015/ico_rmb.jpg"" /></span>", null,88,New Territories
Kwong Yuen Shopping Centre ATM, 22.381612,114.21537,"<p>5/F,Kwong Yuen Market, 68 Siu Lek Yuen Road, Sha Tin, New Territories </p> <span class=""feature-wrapper""> <img src=""/SiteCollectionDocuments/ICBC/Resources/ICBC/haiwai/Asia/photo/2014/ico_atm.jpg"" /><img src=""//v.icbc.com.cn/userfiles/Resources/ICBC/haiwai/Asia/photo/2015/ico_rmb.jpg"" /><img src=""/SiteCollectionDocuments/ICBC/Resources/ICBC/haiwai/Asia/photo/2014/ico_24hour.jpg"" /></span>", null,89,New Territories
Parklane Square ATM, 22.391067,113.977193,"<p>2/F, Parklane Square, 2 Tuen Hi Road, Tuen Mun, New Territories</p> <span class=""feature-wrapper""> <img src=""/SiteCollectionDocuments/ICBC/Resources/ICBC/haiwai/Asia/photo/2014/ico_atm.jpg"" /><img src=""//v.icbc.com.cn/userfiles/Resources/ICBC/haiwai/Asia/photo/2015/ico_rmb.jpg"" /></span>", null,90,New Territories
One Sky Mall ATM, 22.4647298,114.0005659,"<p>1/F, Tin Shing Shopping Centre , 3 Tin Ching Street, Tin Shui Wai, Yuen Long, New Territories</p> <span class=""feature-wrapper""> <img src=""/SiteCollectionDocuments/ICBC/Resources/ICBC/haiwai/Asia/photo/2014/ico_atm.jpg"" /><img src=""//v.icbc.com.cn/userfiles/Resources/ICBC/haiwai/Asia/photo/2015/ico_rmb.jpg"" /></span>", null,174,New Territories
Tin Shing Shopping Centre ATM, 22.4484164,114.002821,"<p>1/F, Tin Shing Shopping Centre , 3 Tin Ching Street, Tin Shui Wai, Yuen Long, New Territories</p> <span class=""feature-wrapper""> <img src=""/SiteCollectionDocuments/ICBC/Resources/ICBC/haiwai/Asia/photo/2014/ico_atm.jpg"" /><img src=""//v.icbc.com.cn/userfiles/Resources/ICBC/haiwai/Asia/photo/2015/ico_rmb.jpg"" /></span>", null,159,New Territories
Tin Shui Shopping Centre ATM, 22.456238,113.99853,"<p>1/F, Tin Shui Shopping Centre,9 Tin Shui Road,Tin Shui Wai</p> <span class=""feature-wrapper""> <img src=""/SiteCollectionDocuments/ICBC/Resources/ICBC/haiwai/Asia/photo/2014/ico_atm.jpg"" /><img src=""//v.icbc.com.cn/userfiles/Resources/ICBC/haiwai/Asia/photo/2015/ico_rmb.jpg"" /></span>", null,91,New Territories
Chung Fu Plaza ATM, 22.462304,113.997864,"<p>2/F, Chung Fu Plaza Phase 1, 30 Tin Wah Road, Tin Shui Wai, Yuen Long</p> <span class=""feature-wrapper""> <img src=""/SiteCollectionDocuments/ICBC/Resources/ICBC/haiwai/Asia/photo/2014/ico_atm.jpg"" /><img src=""//v.icbc.com.cn/userfiles/Resources/ICBC/haiwai/Asia/photo/2015/ico_rmb.jpg"" /><img src=""/SiteCollectionDocuments/ICBC/Resources/ICBC/haiwai/Asia/photo/2014/ico_24hour.jpg"" /></span>", null,93,New Territories
Central Pier ATM, 22.287696,114.159388,"<p>Lower Deck,Central Pier 5, Man Kwong Street, Central</p> <span class=""feature-wrapper""> <img src=""/SiteCollectionDocuments/ICBC/Resources/ICBC/haiwai/Asia/photo/2014/ico_atm.jpg"" /><img src=""//v.icbc.com.cn/userfiles/Resources/ICBC/haiwai/Asia/photo/2015/ico_rmb.jpg"" /></span>", null,153,New Territories
Tak Bo Garden Mall ATM, 22.3273,114.214743,"<p> G/F, TBG Mall,Tak Bo Garden, 3 Ngau Tau Kwok Road, Kwun Tong</p> <span class=""feature-wrapper""> <img src=""/SiteCollectionDocuments/ICBC/Resources/ICBC/haiwai/Asia/photo/2014/ico_atm.jpg"" /><img src=""//v.icbc.com.cn/userfiles/Resources/ICBC/haiwai/Asia/photo/2015/ico_rmb.jpg"" /></span>", null,154,New Territories
Tin Tsz Shopping Centre ATM, 22.4519156,114.0035927,"<p> G/F,Tin Tsz Shopping Centre, 9 Tin Hei St, Tin Shui Wai, Yuen Long, New Territories </p> <span class=""feature-wrapper""> <img src=""/SiteCollectionDocuments/ICBC/Resources/ICBC/haiwai/Asia/photo/2014/ico_atm.jpg"" /><img src=""//v.icbc.com.cn/userfiles/Resources/ICBC/haiwai/Asia/photo/2015/ico_rmb.jpg"" /><img src=""/SiteCollectionDocuments/ICBC/Resources/ICBC/haiwai/Asia/photo/2014/ico_24hour.jpg"" /></span>", null,163,New Territories
Lok Ma Chau Self Service Banking Centre, 22.514434, 114.065658,"<p> Shop No. 311, Level 3, Ticketing Concourse, KCR Lok Ma Chau Station, N.T </p> <span class=""feature-wrapper""> <img src=""/SiteCollectionDocuments/ICBC/Resources/ICBC/haiwai/Asia/photo/2014/ico_atm.jpg"" /><img src=""//v.icbc.com.cn/userfiles/Resources/ICBC/haiwai/Asia/photo/2015/ico_rmb.jpg"" /></span>", null,164,New Territories
